Rainfall_mm,River_Level_m,Soil_Moisture_pct,Temperature_C,Humidity_pct,Flood
7.04,1.61,24.86,29.23,62.44,0
45.15,3.86,40.66,31.63,67.04,0
19.75,1.75,46.59,24.86,81.61,0
13.69,2.37,72.39,34.43,43.05,0
2.54,2.55,19.29,26.71,68.55,0
2.54,1.42,58.29,29.39,35.44,0
0.9,2.11,42.79,23.33,47.6,0
30.17,3.07,55.58,23.02,47.84,0
13.79,2.28,39.85,31.44,74.49,0
18.47,3.8,29.21,25.78,62.71,0
214.71,5.46,72.73,23.73,100.0,1
52.55,3.58,55.07,24.78,53.91,0
26.8,2.45,57.26,31.49,60.86,0
3.58,2.46,40.16,24.85,49.26,0
3.01,2.28,31.3,27.41,66.35,0
3.04,1.69,16.92,28.08,45.74,0
5.44,2.22,52.83,18.41,81.04,0
11.16,1.29,47.47,20.64,37.1,0
269.57,7.69,52.47,29.68,100.0,1
5.16,2.25,32.44,24.31,86.19,0
14.2,2.6,34.42,33.28,56.31,0
2.25,2.57,17.98,32.83,40.73,0
5.18,2.29,28.25,31.6,64.32,0
6.84,2.21,23.68,37.1,54.24,0
9.13,1.74,34.73,27.58,49.29,0
23.07,2.11,31.23,31.24,48.18,0
3.34,2.66,15.93,25.08,100.0,0
10.83,2.93,71.42,40.26,58.39,0
13.46,2.15,60.13,37.92,33.81,0
0.71,2.04,28.39,28.06,82.55,0
14.03,1.83,45.49,29.93,71.97,0
2.8,2.64,46.54,34.8,49.06,0
1.01,2.35,57.97,27.26,46.21,0
44.61,3.86,32.18,24.72,79.02,0
50.56,2.57,61.44,32.37,66.41,0
24.78,2.31,34.26,28.39,36.07,0
5.45,2.22,20.51,28.91,87.9,0
1.54,2.35,51.02,23.83,53.8,0
17.29,2.24,61.09,19.41,85.89,1
8.7,1.74,79.69,29.18,80.92,0
1.95,2.48,22.2,32.52,45.38,0
10.25,2.57,51.51,26.87,77.55,0
0.52,1.55,33.91,35.18,50.33,0
36.01,3.4,55.35,24.48,39.2,0
4.49,2.67,18.39,22.73,54.53,1
16.29,2.39,22.69,27.66,69.22,0
5.6,2.15,28.92,27.59,54.18,0
11.01,2.5,42.29,31.85,57.6,0
11.87,1.81,31.57,24.13,79.53,0
3.07,2.08,50.19,34.84,62.21,0
52.39,1.97,60.64,37.83,57.83,0
22.38,2.89,51.23,27.8,75.01,0
42.08,2.06,68.49,34.25,71.38,0
33.78,3.43,49.62,22.72,28.93,0
13.67,2.11,23.11,33.38,69.16,0
38.24,2.66,64.27,33.24,73.53,0
1.39,1.71,31.06,32.32,60.58,0
3.27,1.92,53.98,27.92,74.03,0
0.69,2.72,63.68,13.23,50.05,0
5.9,0.87,47.44,24.79,66.23,0
7.38,2.79,18.3,24.87,37.97,0
4.75,2.26,26.7,23.11,67.06,0
26.47,1.93,62.49,28.61,94.59,0
6.62,1.59,38.13,25.91,46.4,0
4.95,2.94,41.69,23.88,49.59,0
11.74,1.76,52.56,22.71,51.7,0
2.28,1.47,50.67,24.42,62.41,0
24.31,3.05,46.61,33.61,48.92,0
1.16,2.19,36.99,24.69,66.55,0
65.01,2.83,41.81,25.43,85.71,0
22.19,2.55,55.09,25.72,72.45,0
3.32,1.55,48.64,29.69,34.14,0
0.08,2.55,36.15,30.28,74.94,0
25.35,3.04,58.77,12.78,79.13,0
18.41,2.63,39.91,33.11,76.13,0
19.58,2.57,29.18,35.18,69.51,0
22.13,3.32,30.83,22.75,67.73,0
1.15,2.02,25.43,23.14,75.72,0
6.66,1.54,36.58,25.75,90.18,0
1.85,2.26,58.69,24.22,46.07,0
281.86,8.68,56.11,29.12,100.0,1
14.64,1.79,44.29,18.27,61.64,0
6.03,1.94,30.75,22.41,59.26,0
0.99,2.23,36.19,35.7,37.15,0
5.59,2.08,17.91,23.36,56.85,0
5.9,1.63,37.28,34.22,46.22,0
19.62,2.95,39.06,29.78,56.97,0
15.22,3.46,49.63,18.95,46.57,0
32.73,2.75,46.62,31.18,59.81,0
9.59,1.74,22.98,27.41,55.83,0
1.91,1.26,56.45,25.72,61.83,0
18.74,2.5,45.03,29.22,39.53,0
21.46,2.98,45.12,30.37,42.61,0
12.36,2.48,41.1,31.54,67.9,0
22.11,2.44,34.44,33.89,52.46,0
10.21,1.91,44.29,30.04,78.16,0
11.1,1.68,48.24,21.12,65.6,0
8.37,2.58,14.63,25.63,70.77,0
0.39,2.46,31.96,42.72,81.24,0
1.71,1.26,36.35,31.62,55.7,0
0.48,2.8,43.89,39.85,51.48,1
15.18,2.59,59.42,34.98,76.11,0
5.66,2.81,28.99,29.21,68.77,0
10.66,1.54,33.6,29.51,59.32,0
35.72,2.03,35.88,27.82,88.02,0
4.3,2.01,28.41,19.31,57.68,0
7.92,2.41,35.58,28.09,62.08,0
21.13,3.32,53.68,34.05,64.54,0
3.9,2.43,24.58,25.0,46.76,0
1.2,1.9,46.54,30.06,61.4,0
5.13,1.59,14.98,32.26,81.98,0
2.64,2.67,31.84,23.45,67.2,0
39.82,2.31,39.04,25.74,68.43,0
24.76,3.31,67.6,22.91,62.53,0
15.05,2.16,37.38,23.89,67.97,0
30.77,3.41,10.06,21.56,77.4,0
24.42,2.83,12.46,23.5,74.02,0
3.1,1.99,40.82,35.1,55.64,0
33.46,2.41,52.55,23.42,71.56,0
11.63,2.06,46.79,28.63,69.52,0
24.71,2.71,44.98,25.49,49.83,0
33.96,2.72,60.83,33.89,69.32,0
5.74,1.82,32.48,34.56,28.73,0
1.75,1.95,53.6,32.32,67.59,0
3.88,2.12,15.91,29.53,70.68,0
8.36,1.1,27.26,26.84,72.88,0
25.56,2.74,15.45,22.04,59.19,0
29.57,2.1,38.83,37.72,70.55,0
0.1,1.43,39.32,24.2,81.38,0
10.72,1.37,42.78,31.32,83.35,0
8.1,1.27,41.74,33.3,61.18,0
134.55,4.01,39.54,25.22,89.0,1
1.92,1.68,37.34,33.19,77.05,0
6.18,3.1,18.16,31.82,38.72,0
42.95,2.6,64.74,36.64,63.74,0
5.86,2.21,36.03,25.65,81.2,0
10.97,2.42,33.76,21.57,76.82,0
18.21,2.43,65.66,25.47,69.18,0
6.78,2.1,22.04,29.04,38.77,0
53.52,2.47,28.47,28.29,69.95,0
49.23,3.71,28.48,26.03,61.0,0
4.35,2.99,39.42,18.45,65.84,0
10.31,1.36,47.51,30.35,49.92,0
5.37,1.6,51.63,37.86,45.69,0
5.03,1.96,79.08,30.32,30.03,0
0.56,1.53,6.31,31.05,78.44,0
14.11,2.54,50.54,30.86,56.82,0
10.48,1.85,32.69,29.99,64.45,0
0.79,3.1,31.28,32.66,60.12,0
4.9,2.69,31.19,29.98,44.97,0
35.83,2.82,29.95,26.44,48.28,0
4.11,2.6,65.68,24.02,45.74,0
2.35,2.6,52.87,26.76,49.62,0
10.08,1.92,41.36,29.57,67.52,0
63.66,2.87,66.63,26.42,60.8,0
4.16,2.12,17.73,29.57,87.03,0
16.73,2.77,21.71,30.2,78.75,0
21.51,2.5,9.48,32.17,76.43,0
4.07,1.29,29.92,34.41,59.02,0
19.54,1.99,44.38,28.39,86.62,0
6.88,2.1,42.23,21.46,58.11,0
15.01,2.26,43.74,26.27,62.53,0
15.06,3.29,20.34,28.22,65.56,0
11.51,1.54,53.2,18.82,72.83,0
1.42,2.28,43.74,34.94,69.84,0
27.05,3.29,53.7,28.71,58.28,0
5.8,3.25,12.19,29.91,53.17,0
3.1,1.86,44.98,34.83,70.22,0
0.62,2.26,22.25,24.85,70.85,0
13.41,2.55,35.38,30.87,56.78,0
16.98,2.44,49.71,27.45,39.59,0
0.25,1.96,41.39,27.08,56.94,0
10.76,2.43,28.3,24.14,71.51,0
3.85,0.81,40.48,36.33,87.85,0
15.54,2.65,18.58,26.12,45.14,0
2.87,2.12,57.54,31.5,54.18,0
17.61,2.24,38.68,18.62,57.68,0
7.33,3.17,57.51,33.9,81.8,0
41.41,2.49,36.24,33.26,67.76,0
2.22,1.84,32.37,28.49,46.83,0
6.26,3.12,29.16,26.87,69.63,0
1.81,1.62,53.32,30.0,54.29,0
168.64,5.1,46.22,39.44,75.36,1
31.48,2.56,52.82,19.18,52.9,0
4.47,2.51,34.71,31.91,86.91,0
16.18,2.43,11.98,23.44,69.0,0
25.49,1.86,33.99,27.9,66.71,0
12.15,1.98,23.53,26.76,58.68,0
11.31,1.92,41.64,25.86,66.65,0
4.15,2.04,22.56,27.95,65.03,0
1.47,2.24,54.04,22.33,64.68,0
34.13,2.89,42.05,33.15,68.55,0
34.6,1.8,40.8,19.03,79.95,0
15.04,2.83,51.34,30.7,63.35,0
6.21,2.25,55.08,26.37,46.57,0
6.44,2.82,40.34,22.15,52.1,0
19.42,2.61,30.37,29.01,34.2,0
34.11,3.23,16.8,20.22,97.22,0
32.72,2.89,32.98,28.2,79.48,0
22.7,3.13,33.01,20.89,52.09,0
15.41,2.57,43.15,30.31,58.85,0
1.32,1.98,34.95,23.38,50.71,0
2.64,3.19,50.58,25.75,83.67,0
187.96,6.2,49.6,29.47,76.29,1
13.99,2.57,40.54,24.14,64.51,0
0.14,1.36,57.77,27.71,58.4,0
1.6,1.39,45.29,20.43,72.72,0
16.34,2.47,40.73,31.15,61.71,0
0.08,2.07,30.98,36.82,33.64,0
2.63,1.75,30.76,41.96,56.76,0
11.94,2.31,28.43,28.46,47.8,0
17.66,3.15,33.65,31.94,64.73,0
188.05,6.11,70.14,19.1,100.0,1
3.81,1.51,37.05,35.51,34.67,0
18.68,2.32,21.62,31.88,51.73,0
4.06,1.68,66.93,25.58,52.52,0
5.9,1.92,45.39,34.19,55.46,0
20.59,2.2,20.95,26.73,75.22,0
15.73,2.08,34.95,25.71,60.54,0
28.38,1.94,44.5,30.38,71.91,0
16.08,2.26,67.18,22.68,53.83,0
12.6,1.97,24.64,33.11,65.97,0
1.48,0.56,54.79,22.72,71.96,0
6.88,3.16,61.68,22.75,50.39,0
186.31,6.27,49.2,23.45,100.0,1
4.2,1.9,36.26,31.8,61.62,0
54.18,3.09,29.87,24.92,86.52,0
7.49,1.56,37.7,21.26,58.48,0
33.39,3.52,42.79,24.97,72.4,0
14.96,3.25,51.39,27.84,62.38,0
23.76,2.55,58.73,22.1,63.31,0
246.42,7.44,53.42,22.24,100.0,1
12.9,2.35,11.78,38.56,70.63,0
10.17,1.54,40.7,23.7,43.29,0
3.26,1.86,44.73,26.38,82.16,0
19.23,2.45,45.66,26.16,35.95,0
4.94,1.87,35.59,25.89,50.72,0
0.37,1.9,41.91,31.11,58.66,0
15.55,2.27,64.29,32.74,69.3,0
2.92,2.02,46.02,26.47,84.23,0
42.32,2.87,38.63,21.82,40.59,0
157.5,4.62,48.25,34.37,83.88,1
36.95,2.38,41.15,27.52,35.49,0
6.93,1.5,65.24,36.65,61.86,0
0.23,2.49,37.27,16.77,64.12,0
39.53,1.74,43.66,28.98,91.77,0
8.38,2.74,33.6,37.59,63.49,0
51.01,3.71,61.59,26.23,85.86,0
49.71,2.84,74.37,26.87,78.7,0
28.76,1.27,49.64,29.48,59.22,1
5.23,1.92,41.76,25.21,39.91,0
7.29,2.11,41.28,26.44,65.58,0
28.57,2.07,7.09,26.31,43.33,0
5.72,1.86,51.75,24.86,80.57,0
2.79,2.82,42.29,34.14,58.13,0
12.21,2.58,47.65,30.31,80.37,0
41.27,2.36,33.46,29.25,61.05,0
17.86,1.56,36.02,32.04,67.61,0
12.66,2.09,35.1,26.68,65.67,0
1.53,1.92,55.48,24.13,59.63,0
14.32,2.53,35.75,24.99,56.37,0
69.16,3.12,78.16,28.01,79.72,0
2.26,2.3,46.69,22.7,46.56,0
10.96,3.19,21.96,25.5,44.05,0
31.48,3.04,41.22,25.42,84.94,0
20.25,2.38,32.25,38.62,74.96,0
17.91,2.27,8.88,14.13,64.57,0
18.18,2.19,65.81,27.1,88.61,0
6.68,2.72,51.22,36.63,57.32,0
5.21,1.79,48.52,28.61,80.88,0
24.86,2.52,44.97,31.77,67.61,0
24.92,2.52,21.76,28.5,49.61,0
30.27,2.35,35.77,24.66,93.77,0
36.67,2.05,56.29,16.79,82.19,0
10.74,2.38,25.31,29.03,60.33,0
10.44,2.18,3.07,24.12,73.0,0
24.01,2.73,38.99,24.0,58.75,0
15.75,2.05,39.45,25.51,75.59,0
18.16,2.97,43.85,36.72,27.77,0
23.83,2.04,53.31,40.02,49.47,0
33.11,3.52,52.88,29.09,81.31,0
6.19,1.25,44.5,25.68,57.49,0
7.06,2.36,58.64,22.11,64.53,0
108.41,4.41,28.06,30.34,61.48,0
12.95,1.86,48.86,36.91,90.31,0
0.55,2.22,49.45,26.76,77.97,0
9.4,2.83,22.35,16.11,58.87,0
11.73,1.13,18.63,31.35,56.28,0
5.06,2.35,29.32,32.93,76.46,0
13.4,1.02,31.42,20.07,92.42,0
0.46,1.53,51.35,28.88,74.4,0
0.57,2.83,30.84,30.26,92.69,0
25.94,2.23,29.75,27.63,51.35,0
6.7,1.55,31.5,24.05,49.05,0
180.42,5.51,74.82,33.08,78.25,1
250.51,8.04,65.25,25.98,100.0,1
22.04,1.53,39.52,20.57,67.04,0
142.33,4.32,52.58,17.75,86.19,1
14.63,3.04,60.84,34.3,75.06,0
1.34,2.96,28.9,31.08,78.75,0
0.8,1.96,59.81,28.44,37.27,0
11.37,1.61,44.29,25.8,53.32,0
11.67,3.28,38.76,25.36,74.64,0
15.22,3.1,79.04,22.62,56.03,0
19.42,2.73,26.11,25.84,51.91,0
55.85,2.71,40.28,17.4,86.45,0
10.89,2.19,22.6,24.32,42.84,0
5.85,2.04,54.87,26.45,56.65,0
23.78,2.64,67.72,31.05,69.69,0
4.74,2.82,65.52,27.8,52.34,0
8.67,2.61,59.23,31.97,73.48,0
1.23,1.49,37.16,34.75,51.71,0
0.39,2.7,34.56,33.29,81.21,0
49.31,3.14,19.86,30.35,67.98,0
27.12,2.89,73.25,28.06,75.49,0
17.86,3.09,48.82,23.1,74.76,0
7.89,1.6,33.41,31.7,52.16,0
2.85,2.04,60.21,36.4,29.77,0
2.55,1.79,25.66,29.71,65.92,0
4.32,1.3,46.53,37.59,61.95,0
11.95,2.41,38.61,20.37,70.73,0
18.81,3.63,51.46,22.23,60.36,0
16.19,1.4,40.67,32.28,56.78,0
4.93,2.08,18.73,29.32,91.11,0
46.47,3.25,45.78,34.57,47.21,0
20.09,2.46,57.74,27.92,75.03,0
12.12,2.19,40.77,23.66,53.81,0
242.49,6.2,75.88,26.93,100.0,1
8.16,2.28,25.13,20.34,56.88,0
4.27,1.71,40.03,22.36,48.8,0
6.6,1.04,31.29,32.86,69.89,0
21.27,3.02,53.33,32.36,85.11,0
0.22,2.48,40.49,29.82,67.09,0
1.85,2.06,50.54,19.39,61.92,0
0.71,2.13,56.39,26.21,45.34,0
0.62,2.55,50.44,21.88,67.88,0
29.01,2.69,47.0,33.88,98.15,0
18.24,2.82,26.85,25.08,57.94,1
9.64,2.04,40.92,22.57,56.29,0
1.54,2.69,32.16,28.15,51.89,0
10.15,2.36,35.85,24.8,54.69,0
9.62,2.29,35.34,35.42,20.74,0
2.85,1.42,25.59,24.33,66.65,0
8.53,2.31,11.49,21.0,49.02,0
7.63,1.74,30.74,17.24,37.37,0
14.35,1.97,44.34,27.85,74.17,0
15.12,1.89,21.29,25.19,46.79,0
0.7,1.48,40.3,20.86,55.06,0
7.04,3.2,69.21,33.95,83.4,0
166.71,6.0,72.02,31.34,72.2,1
10.49,3.17,65.7,27.86,39.11,0
29.12,1.97,48.78,34.82,69.86,0
16.12,2.36,59.13,31.31,80.47,0
2.67,1.41,29.41,23.89,36.92,0
1.1,1.67,30.44,22.8,66.33,0
15.43,1.85,0.46,32.09,71.8,0
0.4,2.63,57.83,29.98,29.19,0
13.22,2.07,64.43,28.85,74.62,0
42.26,3.38,35.93,23.77,81.6,0
12.85,2.56,37.48,31.04,57.89,0
284.59,8.84,57.15,24.22,100.0,1
15.46,1.57,47.29,27.49,80.14,0
9.19,2.81,57.79,35.23,63.39,0
11.83,2.81,15.04,24.7,55.59,0
42.57,2.36,50.4,20.14,53.92,0
286.46,8.23,64.5,22.74,100.0,1
48.74,3.14,46.57,32.97,78.29,0
35.36,2.59,50.42,29.27,62.21,0
3.27,1.65,37.5,27.36,27.69,0
1.08,1.66,38.55,25.45,79.25,0
1.59,3.06,36.95,30.43,63.17,0
0.28,2.01,54.58,23.75,54.36,0
1.49,2.42,46.43,29.53,73.15,0
17.23,1.95,45.03,24.34,86.32,0
1.11,1.63,21.05,23.51,18.19,0
5.76,2.66,34.9,24.81,67.67,0
27.95,1.88,56.28,26.12,44.19,0
0.35,1.8,40.6,27.76,67.56,0
25.27,2.52,52.42,29.18,66.97,0
4.97,2.16,66.99,9.56,70.53,0
1.89,1.95,55.77,23.96,52.89,0
17.9,2.56,43.19,26.04,35.48,0
14.87,2.64,33.82,35.53,56.22,0
31.49,3.0,4.85,22.6,72.4,0
19.92,1.91,39.47,28.81,79.22,0
24.4,2.35,37.55,35.48,47.3,0
4.97,2.7,46.35,21.44,76.4,0
2.93,2.51,37.98,29.97,50.87,0
20.83,1.73,37.28,23.99,69.6,0
24.66,2.67,15.78,25.48,57.28,0
69.86,2.41,32.89,23.98,76.7,0
7.98,2.18,47.95,24.34,74.97,0
6.98,3.09,66.44,41.61,42.99,0
22.47,1.98,40.78,32.22,54.3,0
6.25,1.71,45.54,33.51,64.02,0
40.05,3.18,58.29,30.46,100.0,0
29.32,1.82,30.77,19.97,52.92,0
167.86,5.04,62.29,29.97,100.0,1
20.85,2.72,30.98,33.36,94.24,1
21.07,2.1,55.08,23.73,62.75,0
1.63,1.91,42.43,32.83,55.85,0
34.93,3.07,47.97,31.52,56.6,0
10.56,2.42,29.32,37.26,61.09,0
26.27,2.66,53.23,25.91,44.15,0
5.79,1.95,71.85,22.51,60.01,0
33.88,2.86,28.27,26.19,89.23,0
7.39,2.09,35.64,35.18,52.31,0
0.16,2.23,43.49,18.86,56.42,0
35.37,2.46,55.33,17.66,41.56,0
1.44,1.94,31.75,28.45,65.9,0
5.77,1.62,0.0,25.79,65.12,0
44.95,2.88,64.88,28.04,69.95,0
45.12,2.5,55.92,32.73,65.77,0
158.78,4.62,29.73,25.24,87.36,1
14.99,2.43,32.39,18.63,70.53,0
8.93,2.28,64.42,38.22,61.35,0
5.21,2.5,62.24,23.01,65.77,0
188.24,5.55,72.9,22.7,100.0,1
164.85,5.5,53.84,33.52,100.0,1
20.94,2.69,43.34,26.08,74.34,0
23.52,2.69,40.39,27.68,67.6,0
257.86,6.74,82.71,30.41,100.0,1
1.43,2.1,27.01,33.42,66.59,0
10.23,2.39,28.94,26.33,81.62,0
0.89,2.02,55.24,35.6,69.28,0
11.96,1.2,40.53,17.32,34.76,0
8.74,2.26,61.55,31.8,81.32,0
32.8,3.76,33.21,23.8,68.59,0
6.48,1.95,39.83,34.86,60.52,0
1.87,1.67,26.35,28.71,64.59,0
2.31,2.23,40.34,24.64,55.29,0
21.5,2.59,19.97,31.31,67.71,1
14.44,2.89,34.13,32.47,54.01,0
1.6,1.4,18.62,31.21,79.43,0
1.32,2.39,50.54,22.85,58.56,0
18.11,2.66,52.56,25.58,57.88,0
1.13,1.95,14.16,27.98,46.35,0
25.88,2.69,62.6,27.79,69.21,0
18.37,2.88,79.3,31.75,66.48,0
1.27,2.46,40.82,17.93,66.08,0
1.33,1.46,30.52,29.67,44.86,0
64.73,3.7,88.84,26.55,48.93,0
7.03,2.11,20.92,23.81,70.79,0
6.95,2.18,41.0,24.29,83.66,0
25.13,2.54,45.21,26.93,49.63,0
44.13,2.81,64.59,9.99,92.67,0
64.03,3.88,51.8,24.49,77.06,0
21.0,2.38,34.62,23.62,64.09,0
7.08,1.58,26.44,30.66,55.45,0
1.31,1.83,35.0,23.97,39.49,0
22.52,2.54,27.15,26.92,79.32,0
12.26,2.86,41.94,35.71,50.82,0
8.28,2.47,32.37,32.97,49.96,0
35.52,2.29,21.14,32.51,81.98,0
1.77,3.28,59.0,25.5,32.11,0
10.18,2.34,33.55,30.72,39.18,0
0.17,2.64,21.0,26.83,59.76,0
9.49,2.11,38.42,27.02,66.3,0
0.87,2.28,41.11,30.05,67.44,0
1.9,2.46,13.99,25.02,55.85,0
1.88,2.65,45.16,35.47,98.33,0
15.71,2.84,25.86,27.2,59.72,0
20.56,2.85,67.72,31.09,60.65,0
13.13,2.11,49.17,35.28,50.67,0
49.12,2.7,38.91,33.16,71.68,0
7.05,2.31,29.53,20.96,70.63,0
5.05,2.57,38.93,30.22,79.06,0
295.66,7.8,78.76,32.25,96.79,1
3.8,2.61,40.0,32.46,57.07,0
49.54,3.72,41.7,22.43,76.61,0
0.18,1.55,40.89,24.71,68.84,0
52.54,2.63,36.2,32.97,70.61,0
0.66,1.94,34.92,24.19,68.27,0
33.27,2.82,12.04,26.5,54.52,0
11.25,1.96,55.73,35.88,85.62,0
74.35,4.16,51.92,27.76,89.76,0
1.15,2.24,28.51,24.37,40.06,0
12.11,2.26,69.69,23.61,46.29,0
52.25,2.33,46.53,29.66,54.75,0
11.11,1.56,25.57,21.33,72.39,0
14.89,2.44,54.34,26.76,43.71,0
17.85,1.29,47.76,29.67,58.6,0
9.09,2.69,46.83,34.5,68.64,0
14.82,2.22,35.1,31.34,61.97,0
13.17,3.88,48.07,24.43,66.52,0
34.71,3.85,39.54,33.89,50.96,0
0.7,1.92,48.41,26.5,69.06,0
4.95,2.05,11.92,21.82,51.79,0
45.06,3.4,38.0,27.14,64.14,0
33.15,3.51,69.15,35.19,70.2,0
9.12,1.36,29.41,28.83,63.37,0
14.52,1.4,32.39,28.06,63.26,0
4.87,1.79,33.77,36.19,49.72,0
3.13,2.35,22.09,20.84,56.13,0
9.35,2.44,7.81,21.57,61.9,0
6.54,2.67,37.2,19.92,40.68,0
13.14,1.66,43.35,29.86,55.69,0
1.21,0.87,39.33,28.83,66.06,0
54.97,3.53,43.32,35.71,51.83,0
64.26,2.87,47.07,29.22,90.2,0
17.97,1.35,57.14,25.98,82.64,0
11.52,2.3,38.3,28.01,43.63,0
5.56,2.51,31.94,28.59,81.48,0
25.21,2.44,38.3,19.64,62.89,0
17.31,2.12,50.42,41.55,69.74,0
2.66,1.97,61.45,30.6,53.08,0
36.27,2.54,34.21,29.05,81.1,0
25.93,1.84,44.08,31.08,71.28,0
44.88,2.54,49.56,31.55,56.76,0
19.4,2.65,27.05,27.3,46.4,0
14.26,2.45,41.73,24.84,40.95,0
8.13,2.25,18.83,31.0,64.44,0
40.49,2.31,17.51,29.93,76.68,0
30.16,2.51,48.52,23.95,75.8,0
0.69,0.93,34.31,35.1,58.37,0
0.4,2.1,43.07,29.47,42.73,0
241.7,7.55,63.9,31.65,98.11,1
24.95,1.76,27.85,34.96,82.28,0
65.46,3.02,45.87,28.11,65.82,0
2.45,2.21,21.75,29.58,62.64,0
13.53,2.9,62.22,32.05,46.57,0
7.19,1.92,20.38,24.38,66.49,0
52.56,2.7,42.32,28.27,63.65,0
27.69,1.57,27.13,28.63,81.24,0
27.33,2.6,51.29,23.22,77.07,0
9.49,3.21,35.98,39.59,54.46,0
8.04,2.3,33.02,20.96,59.71,0
4.79,2.08,53.28,21.51,52.69,0
265.74,7.48,67.02,34.57,91.86,1
30.01,2.59,50.75,31.57,53.14,0
25.14,2.1,27.79,22.87,68.0,0
122.59,4.86,31.19,31.04,89.4,1
85.42,3.82,50.15,35.34,79.31,0
191.56,5.84,54.37,27.85,93.79,1
21.98,1.95,51.59,40.99,78.39,0
43.44,3.52,43.15,19.38,69.64,0
28.42,2.9,45.92,31.47,76.23,0
4.26,1.81,16.08,33.83,34.25,0
8.98,2.68,69.22,32.46,2.96,0
2.07,1.79,37.74,26.98,64.67,0
46.2,2.53,55.08,26.55,47.87,0
13.98,1.9,28.86,30.22,59.61,0
3.89,1.19,45.01,32.08,56.25,0
16.71,2.57,22.13,31.01,87.15,0
14.44,1.37,48.23,33.2,68.89,0
6.65,1.52,35.33,22.91,63.82,1
1.81,1.0,40.62,26.86,72.92,0
16.7,2.29,52.14,23.3,68.87,0
11.02,2.15,22.61,26.07,55.34,0
22.2,2.28,31.95,33.08,80.51,0
11.01,1.7,47.96,28.54,45.56,0
28.68,1.99,74.34,41.03,70.58,0
12.04,2.47,39.13,28.97,39.19,0
12.35,1.97,50.1,28.3,65.53,0
31.39,2.79,41.53,28.53,69.17,0
7.75,1.71,69.91,24.81,86.7,0
2.16,2.13,14.01,27.71,36.96,0
0.44,2.66,41.46,33.64,51.07,0
21.11,2.72,17.73,28.57,76.56,0
14.53,2.08,3.85,24.03,67.93,0
18.26,2.49,46.29,23.37,66.36,0
3.59,1.95,42.45,25.75,46.38,0
2.2,2.05,35.95,28.37,51.58,0
0.22,1.84,38.43,33.97,78.72,0
6.48,2.05,87.12,21.3,60.52,0
13.37,2.37,37.46,26.4,68.3,0
7.47,1.65,48.4,28.72,59.77,0
8.63,1.66,31.12,18.83,43.98,0
35.18,2.01,47.95,23.83,81.04,0
6.42,1.33,37.07,24.6,68.83,0
10.82,1.61,34.92,24.02,96.75,0
22.96,2.54,69.58,28.96,49.36,0
7.58,1.71,58.42,27.2,73.85,0
14.6,2.55,43.51,25.22,43.25,0
29.75,2.61,8.41,30.14,68.31,0
44.79,1.91,39.06,36.62,83.61,0
2.39,2.38,80.78,36.2,29.4,0
39.17,3.19,40.46,18.39,64.76,0
10.16,1.71,57.56,30.89,53.58,0
4.48,2.3,62.08,27.11,50.37,0
9.22,1.76,44.21,28.78,67.62,0
58.7,3.22,33.24,26.01,88.55,0
10.18,1.57,4.49,28.59,60.04,0
5.98,1.22,50.86,28.76,64.28,0
15.05,2.11,29.28,25.11,64.73,0
4.12,2.02,43.05,23.52,60.85,0
1.18,1.82,21.37,25.76,43.9,0
2.07,1.45,36.23,29.17,77.04,0
2.06,1.84,40.71,30.99,64.84,0
2.47,2.18,44.28,32.27,66.42,0
2.24,2.02,23.5,25.53,48.35,0
15.36,2.4,59.49,29.42,56.18,0
3.01,1.73,31.35,32.81,57.96,0
6.36,2.71,15.52,33.83,38.26,0
34.06,2.09,41.77,27.71,41.49,0
9.64,2.44,41.48,26.9,52.92,0
16.52,2.92,44.06,28.96,71.14,0
2.84,2.3,60.72,22.25,50.77,0
3.2,1.96,36.77,27.03,45.36,0
0.63,1.75,38.27,31.72,47.9,0
2.78,2.57,23.73,31.21,53.73,0
4.9,1.39,52.8,26.65,55.67,1
2.92,1.57,43.06,29.09,93.07,0
1.39,1.83,33.84,23.88,76.1,0
133.19,5.28,24.75,31.52,100.0,1
9.26,2.38,62.59,27.61,79.38,0
251.06,6.54,46.69,26.62,95.23,1
6.79,1.98,31.81,26.19,43.02,0
10.5,1.9,46.43,27.69,45.5,0
17.59,2.0,23.81,25.76,83.53,0
0.6,2.5,17.66,31.29,51.91,0
196.19,5.24,27.76,26.02,80.47,1
14.83,3.1,52.3,35.96,56.5,0
1.28,2.44,31.95,35.33,56.68,0
31.02,3.17,87.01,23.54,70.23,0
38.05,2.53,28.89,28.35,71.37,0
0.95,1.94,26.27,24.75,47.77,0
4.86,1.38,32.01,26.37,71.26,0
24.61,2.23,46.11,38.01,55.33,0
20.69,2.66,35.02,26.46,61.79,0
3.06,2.71,49.49,29.8,70.91,0
3.52,1.52,25.67,30.71,51.08,0
6.94,1.96,19.97,23.0,52.85,0
9.94,2.12,14.02,23.72,70.86,0
14.45,1.59,8.09,21.97,50.02,0
6.9,2.43,32.92,23.57,55.61,0
9.31,1.82,36.42,13.75,70.2,0
20.64,2.32,32.59,30.72,94.94,0
0.56,1.79,58.71,38.27,69.19,0
4.36,1.69,58.86,28.74,67.96,0
18.74,2.37,36.85,20.92,71.71,0
33.84,2.57,16.47,24.79,50.67,0
245.01,6.71,56.0,25.71,100.0,1
11.39,1.86,32.14,22.91,61.83,0
1.7,2.19,30.31,32.3,65.16,0
8.9,3.0,30.42,32.05,63.53,0
11.41,2.3,31.34,22.22,67.98,0
4.17,2.58,34.62,31.63,56.16,0
4.71,1.4,30.94,35.63,61.82,0
7.1,2.22,43.84,37.51,43.0,0
0.3,1.46,45.44,42.33,55.26,1
5.83,1.38,26.92,23.49,82.03,0
3.56,1.7,59.42,42.12,65.49,0
5.95,2.71,25.89,26.23,60.88,0
156.04,5.6,31.34,25.04,100.0,1
33.18,2.79,49.03,29.64,46.22,0
13.51,1.5,29.09,25.09,46.06,0
17.05,2.24,46.52,30.0,89.1,0
23.35,2.62,6.28,21.4,65.36,0
10.35,2.29,61.92,26.81,58.43,0
1.36,1.11,50.22,34.43,42.28,0
11.55,1.79,18.65,27.71,69.03,0
13.26,2.23,19.14,28.71,70.82,0
20.52,2.68,67.14,30.38,47.69,0
8.48,1.07,29.79,33.85,59.59,0
2.05,1.96,27.69,19.72,55.38,0
5.01,2.17,6.51,30.92,64.84,0
6.77,2.56,35.41,26.66,44.56,0
15.57,2.66,38.14,28.83,81.89,0
12.69,2.55,52.0,33.3,76.27,0
6.6,1.73,19.67,22.03,55.87,0
64.59,2.34,23.65,22.94,69.67,0
13.96,2.08,48.16,18.32,60.75,0
4.06,2.58,55.51,25.25,49.14,0
1.61,2.73,16.59,34.65,53.67,0
2.49,2.41,56.47,27.4,56.44,0
4.23,2.3,40.99,21.3,85.04,0
2.63,2.24,56.64,25.57,74.72,0
3.1,1.78,39.26,20.56,74.64,0
5.03,2.04,2.67,22.37,66.56,0
2.86,2.89,38.01,29.94,43.81,0
34.06,2.21,59.31,22.13,66.19,0
1.25,2.83,26.72,33.56,74.81,0
11.15,2.06,35.3,27.64,43.36,0
7.92,2.82,38.15,28.43,71.13,0
60.58,2.51,2.57,26.61,100.0,0
1.78,2.33,65.25,31.86,76.28,0
7.61,1.78,27.24,31.92,82.73,0
52.34,2.34,52.82,29.68,73.74,0
30.09,2.71,41.71,30.82,80.54,1
25.48,3.01,61.41,26.94,54.33,1
4.47,1.67,46.54,30.71,72.83,0
119.06,3.63,48.38,26.31,93.63,0
16.57,2.29,28.25,28.01,67.66,1
39.76,2.75,55.94,26.63,87.69,0
310.72,8.49,42.97,25.71,100.0,1
12.72,2.73,50.96,24.55,59.74,0
4.93,2.07,24.01,30.34,62.42,0
22.01,3.37,60.99,34.55,48.96,0
3.11,2.17,42.73,33.86,64.03,0
5.87,1.94,50.25,21.72,35.39,0
8.31,1.36,42.06,34.45,77.37,0
141.87,4.71,27.9,26.41,89.07,1
4.16,1.92,27.51,31.0,53.02,0
1.83,2.52,50.27,23.47,47.85,0
14.15,2.51,43.91,28.71,59.31,0
5.11,1.51,58.23,29.57,71.35,0
13.06,2.35,47.35,20.58,70.83,0
2.51,2.39,25.75,31.04,49.92,0
9.84,2.96,29.04,34.73,49.28,0
11.41,2.67,42.68,27.13,72.14,0
0.8,2.4,5.37,34.8,49.32,0
6.16,2.15,65.72,27.05,62.13,0
299.85,8.19,76.61,32.25,100.0,0
0.98,2.64,58.5,16.91,64.88,0
69.02,2.71,23.19,40.09,86.68,0
5.84,1.94,59.25,35.48,42.22,0
24.9,2.11,75.96,26.58,36.31,0
299.86,8.19,50.17,18.14,100.0,1
17.16,2.96,53.29,29.44,90.46,0
21.42,2.13,42.16,20.78,94.62,0
13.58,1.08,18.19,30.22,90.18,0
9.57,1.99,48.35,30.06,59.02,0
7.96,2.62,53.3,23.29,34.86,0
265.2,7.57,57.5,33.6,77.89,1
39.79,3.01,61.47,32.03,58.75,0
26.63,2.39,17.66,32.88,62.36,0
50.3,2.37,22.61,28.04,89.57,0
1.99,2.3,42.25,20.92,73.42,0
251.57,6.61,65.54,32.89,100.0,1
41.79,3.93,33.43,26.65,55.01,0
3.0,2.35,52.44,21.05,46.19,0
1.03,1.73,48.07,34.76,64.02,0
20.27,2.1,54.9,38.5,74.51,0
12.82,2.21,39.43,27.79,68.44,0
27.66,2.43,51.8,38.8,50.01,0
2.26,2.6,33.54,28.46,70.21,0
23.79,2.57,73.19,26.1,71.15,0
3.38,1.7,28.15,24.85,44.62,0
2.68,3.0,71.85,36.19,48.77,0
2.69,2.08,40.79,24.1,70.87,0
25.28,2.89,21.89,31.68,61.54,0
16.41,2.02,62.16,25.2,87.12,0
11.11,2.4,43.0,25.7,69.74,0
6.67,2.29,53.43,33.15,54.03,0
31.46,1.68,61.5,26.1,66.14,0
7.47,3.16,45.82,25.98,62.45,0
25.44,3.15,33.66,33.66,54.16,0
8.67,1.97,55.5,35.99,48.05,0
7.1,1.59,40.72,31.22,71.94,0
9.32,2.36,51.22,24.73,74.54,0
5.38,2.15,8.23,25.45,70.13,0
20.65,2.59,48.77,28.4,86.86,0
10.48,2.31,31.47,29.6,53.97,0
3.96,2.33,65.2,23.06,85.91,0
34.48,3.41,52.79,31.62,53.38,0
7.26,2.43,44.32,28.43,46.26,0
11.76,1.71,48.47,19.42,35.95,0
35.54,3.39,28.58,23.36,60.42,0
14.68,3.11,65.82,25.48,55.38,0
1.86,3.61,70.06,27.64,68.26,0
42.16,2.28,50.11,37.45,72.09,0
14.82,2.42,65.34,29.19,45.07,0
6.12,1.08,32.07,23.8,55.33,0
2.25,2.32,28.27,29.1,54.88,0
23.7,2.2,42.98,26.24,38.1,0
14.52,3.25,47.98,29.62,48.19,0
11.44,1.84,35.23,30.9,50.73,0
33.65,1.83,51.43,34.05,88.23,1
23.31,2.23,46.93,27.88,67.53,0
2.47,1.06,25.27,36.19,70.43,0
221.16,6.8,69.9,32.54,81.75,1
4.29,1.05,53.38,24.46,78.77,0
20.44,2.42,44.62,39.05,83.6,0
0.51,0.97,57.34,29.63,30.13,0
12.66,2.09,23.0,23.82,51.95,0
21.56,3.25,49.18,36.26,71.75,0
31.41,2.81,25.59,38.39,75.95,0
6.28,1.69,23.92,27.83,51.08,0
25.83,2.5,33.12,25.48,60.58,0
1.76,2.04,26.04,27.14,51.39,0
28.11,2.8,34.59,31.57,67.28,0
2.05,1.36,36.99,34.39,78.37,0
7.59,2.45,53.32,30.85,49.95,0
23.94,1.13,37.58,28.51,79.8,0
2.44,1.73,16.46,35.49,48.76,0
277.13,7.3,84.81,26.44,100.0,1
19.22,2.7,29.37,33.15,76.12,0
19.1,2.39,41.03,26.56,77.65,0
15.37,1.6,48.24,30.16,75.85,0
175.65,5.02,60.56,27.43,75.39,1
11.74,2.33,57.59,27.72,55.36,0
4.35,2.05,47.62,26.11,73.22,0
6.36,1.84,27.72,34.72,61.9,0
3.01,1.82,72.98,24.34,44.5,0
35.86,3.07,46.5,24.3,74.05,0
13.13,2.0,39.1,38.6,51.9,0
7.68,2.11,55.23,32.89,88.45,0
9.3,3.27,44.67,16.07,85.03,0
44.14,2.17,50.4,25.17,77.89,0
2.5,1.12,77.63,18.94,80.91,0
13.24,2.66,37.2,23.25,63.62,0
10.57,1.87,36.29,12.31,73.6,0
14.18,2.12,43.17,27.32,85.0,0
0.27,1.61,56.1,22.29,63.74,0
30.85,2.49,20.49,28.3,62.34,0
40.35,3.61,14.55,19.87,42.5,0
12.49,2.65,32.44,28.41,61.25,0
17.89,2.79,17.28,25.93,75.93,0
38.36,2.06,37.46,35.51,81.86,0
18.43,1.79,49.38,35.06,71.25,0
2.48,0.63,26.89,31.93,52.38,0
12.88,1.85,19.89,26.37,32.92,0
14.0,2.76,42.44,37.93,55.37,0
8.28,2.42,53.77,20.23,57.09,0
20.0,2.29,16.58,20.98,59.31,0
40.86,2.81,56.39,27.58,77.45,0
38.97,2.43,56.16,39.27,97.58,0
8.99,2.28,55.21,26.99,63.65,0
1.8,2.42,58.46,27.08,57.11,0
62.84,2.45,79.31,20.79,68.68,0
27.39,2.7,37.4,32.73,67.34,0
2.0,2.51,41.84,32.77,47.98,0
38.04,2.55,37.56,31.95,69.41,0
30.59,2.96,43.09,24.85,72.88,0
10.97,3.63,64.09,24.47,65.34,0
13.42,2.22,21.17,21.53,69.55,1
201.17,6.22,47.2,28.42,100.0,0
224.72,6.13,83.13,22.6,78.37,1
6.12,2.21,55.91,22.11,70.78,0
24.36,2.72,36.99,25.88,54.81,0
0.07,2.1,52.82,25.55,43.58,0
6.09,1.61,45.73,25.31,44.65,1
7.62,2.26,63.27,30.33,68.03,0
11.56,2.96,42.27,28.4,58.97,0
37.86,2.98,59.17,26.56,42.34,0
6.38,2.61,80.27,28.92,68.45,0
6.39,2.01,49.61,23.04,39.68,0
20.06,2.78,42.75,28.53,66.11,0
191.27,5.96,69.96,28.75,100.0,1
3.82,1.6,34.9,20.48,74.05,0
9.03,2.34,76.72,32.98,88.53,0
2.28,1.55,42.93,23.59,39.99,0
2.91,1.74,36.2,28.45,59.8,0
10.35,2.3,28.5,33.82,57.92,0
8.14,2.31,57.27,32.63,68.13,0
36.95,2.14,56.7,28.17,70.62,0
192.25,6.37,51.76,26.19,93.16,1
13.03,2.55,49.95,32.74,55.99,0
15.01,1.95,18.87,31.37,46.25,1
0.2,1.24,42.79,24.91,74.86,0
16.34,2.25,48.43,24.03,70.16,0
2.94,1.84,65.9,17.64,74.35,0
48.69,3.03,33.31,28.77,65.08,0
2.41,1.87,21.07,27.59,50.63,0
8.03,1.16,27.37,33.68,45.43,0
1.34,1.83,20.09,29.8,65.65,0
86.52,3.58,68.7,34.67,61.71,0
10.46,2.53,64.28,24.51,89.82,0
13.57,1.92,46.16,33.69,43.1,0
1.04,2.86,58.42,25.36,64.31,0
20.79,1.46,44.09,31.89,87.66,0
3.53,2.73,38.93,20.71,69.69,0
34.25,2.57,38.43,29.18,69.49,0
3.44,2.5,35.69,18.08,46.16,0
3.17,2.1,17.1,26.66,39.91,0
0.56,2.58,44.02,30.2,71.66,0
175.64,5.32,56.96,25.4,100.0,1
225.33,5.96,73.71,22.75,98.48,1
1.02,2.73,41.5,32.23,43.12,0
22.41,2.39,39.8,27.48,27.61,0
9.06,2.29,27.84,25.55,47.1,0
11.15,2.84,42.2,28.21,60.52,0
8.72,1.66,51.95,41.18,85.73,0
7.68,2.45,23.62,33.77,71.63,0
12.3,1.95,42.54,33.81,67.04,1
2.53,1.98,43.75,30.18,54.5,0
3.01,2.1,29.53,28.83,51.85,0
29.68,1.84,34.15,16.02,87.02,0
43.81,2.49,47.84,24.61,71.77,0
7.01,2.82,23.7,25.6,29.86,0
4.74,2.54,45.72,18.63,50.84,0
15.49,2.28,28.12,22.21,50.23,0
7.88,2.28,56.73,18.1,53.38,0
0.39,1.86,75.11,27.81,68.52,0
2.55,2.73,27.34,32.09,58.9,0
18.88,2.28,49.9,33.53,62.62,0
16.13,2.44,30.71,30.07,82.93,0
0.41,2.58,55.66,23.18,49.64,0
3.76,1.69,21.4,18.34,88.72,0
3.94,2.86,47.6,19.22,50.72,0
16.72,1.57,28.58,21.66,64.68,0
0.3,2.82,36.93,23.56,55.84,0
1.65,1.85,24.7,27.2,62.18,0
24.14,2.36,54.75,22.93,71.5,0
2.95,1.11,27.74,29.69,67.1,0
15.87,2.09,49.87,26.84,51.88,0
4.08,1.56,35.25,28.05,43.97,0
1.57,1.73,38.44,33.7,97.86,1
4.18,2.01,42.63,22.1,53.58,0
19.22,2.86,30.49,30.09,74.33,0
29.04,2.68,46.06,27.93,41.69,0
26.6,2.69,65.61,26.33,61.13,0
7.59,1.6,29.09,32.43,59.61,0
16.54,1.89,59.23,32.4,70.4,0
3.44,2.97,62.82,23.27,19.85,0
5.2,1.74,28.28,27.09,63.53,0
34.0,3.51,21.57,29.41,49.55,0
0.2,1.88,44.55,26.63,64.9,0
271.46,7.43,58.93,30.93,98.75,1
3.5,2.61,68.38,29.41,47.87,0
0.4,2.64,40.56,37.16,55.98,0
143.31,4.81,42.3,20.35,72.88,1
13.12,2.07,24.1,27.39,55.49,0
8.21,2.14,57.17,23.46,43.74,0
33.48,2.84,34.78,31.02,39.2,0
25.51,2.96,43.21,19.91,80.37,0
6.27,2.13,54.96,29.73,41.81,0
4.5,2.4,33.19,24.85,58.22,0
7.16,2.96,40.03,24.33,72.73,0
13.38,2.46,41.09,20.77,53.45,0
291.57,7.99,79.41,25.67,100.0,1
14.68,1.53,50.33,33.42,66.33,0
7.9,0.84,37.49,27.87,78.35,0
12.05,2.44,42.16,31.14,44.87,0
8.59,2.12,35.28,36.32,59.47,0
5.23,1.85,18.36,29.32,35.06,0
44.48,3.01,48.31,25.21,63.0,0
21.63,2.4,70.55,30.34,64.84,0
2.26,2.61,26.97,25.28,47.63,0
30.43,2.65,31.45,25.48,59.23,0
10.02,1.83,27.94,20.4,40.88,0
33.74,3.17,54.24,32.63,67.9,0
24.13,2.37,49.14,26.07,80.66,0
8.31,2.43,38.45,28.91,45.2,0
0.34,1.77,26.26,22.82,50.73,0
4.69,1.77,41.86,30.18,68.48,0
11.7,2.28,17.7,24.19,80.52,0
15.06,2.31,43.66,27.29,40.61,0
4.47,2.33,53.52,32.39,58.36,0
2.25,1.91,21.46,31.95,64.7,0
27.02,1.62,19.71,27.89,63.87,0
62.41,3.03,69.93,19.16,35.33,0
11.19,2.62,31.94,42.96,69.75,0
2.83,1.91,57.32,36.73,83.36,0
4.77,1.97,38.17,31.61,62.7,0
0.28,2.5,37.6,24.23,44.59,0
36.85,2.38,50.26,27.43,59.67,0
1.88,1.27,26.93,25.28,86.92,0
250.71,6.93,67.06,34.32,100.0,1
4.8,1.85,34.76,29.31,70.56,0
12.12,1.76,21.4,24.08,67.77,0
15.81,2.23,46.64,25.65,53.24,0
26.56,2.78,38.71,33.61,62.3,0
3.47,2.06,37.99,36.0,59.52,0
0.17,2.16,21.86,35.64,68.28,0
2.21,2.95,64.09,31.79,83.08,0
34.54,2.52,56.6,26.74,83.68,0
31.06,2.76,57.57,11.79,44.92,0
13.65,2.02,36.78,29.49,66.09,0
13.76,1.85,15.44,27.99,73.8,0
16.41,2.04,70.93,28.7,72.56,0
2.89,1.82,39.37,28.27,51.14,0
36.87,2.92,32.46,21.37,100.0,0
8.14,3.34,47.07,30.79,42.47,0
7.25,1.79,58.23,31.16,45.2,0
10.98,2.01,40.75,31.41,65.7,0
0.72,1.98,59.25,32.73,91.9,0
2.73,2.25,56.52,31.02,48.0,0
20.09,2.53,25.86,25.95,60.03,0
1.3,2.67,30.02,27.65,76.42,0
13.86,1.06,55.75,28.46,62.5,0
4.22,0.89,0.0,28.54,55.83,0
7.4,1.9,38.5,32.99,69.96,0
5.11,2.65,19.05,31.22,65.11,0
6.59,1.35,33.51,38.39,76.78,0
19.04,0.88,37.42,39.03,83.18,0
5.29,2.39,35.16,28.4,65.66,0
12.53,2.37,32.97,8.82,66.88,0
9.7,1.65,24.51,34.18,65.15,0
16.34,1.83,76.01,25.3,70.61,0
41.43,2.34,72.15,23.99,69.11,0
19.78,2.45,24.55,26.01,63.95,0
3.63,1.76,64.09,25.77,78.68,0
0.48,2.26,34.06,31.06,82.84,0
269.22,5.96,68.86,20.2,91.23,1
13.56,1.84,40.41,22.61,62.86,0
212.03,5.68,51.31,29.72,92.08,1
10.29,2.08,55.79,31.11,57.39,0
13.63,2.0,43.25,31.21,68.76,0
6.1,2.52,33.46,24.06,71.26,0
22.1,1.51,22.64,23.11,62.74,0
1.69,2.06,26.77,25.47,31.64,0
1.17,2.3,15.5,29.2,45.76,0
19.54,3.32,42.14,35.43,77.36,0
10.26,1.96,23.08,17.76,20.95,0
17.49,2.51,37.77,26.9,81.31,0
8.56,1.27,61.41,21.34,69.53,0
4.24,0.89,58.41,19.74,80.59,0
25.65,2.94,42.08,32.83,62.15,0
24.1,2.48,41.1,30.72,33.9,0
17.8,2.95,69.98,30.25,70.01,0
4.76,1.41,48.29,32.61,80.07,0
13.38,2.53,36.42,25.6,76.55,0
6.72,3.07,19.28,25.84,51.4,0
1.44,2.24,46.05,38.93,61.59,0
37.39,2.89,56.18,26.77,59.49,0
2.21,2.05,30.75,31.68,48.15,0
45.01,2.11,48.87,28.03,83.33,0
8.86,2.85,35.43,18.76,43.81,0
3.07,1.76,37.55,17.78,47.21,0
11.71,2.49,3.85,25.11,45.78,0
30.95,1.84,39.77,33.28,43.84,0
19.76,1.81,56.52,31.94,66.15,0
24.64,3.21,32.99,32.57,82.35,0
16.13,2.15,42.4,23.06,60.45,0
17.68,3.08,30.43,36.08,40.95,0
284.28,7.65,73.83,23.18,100.0,1
4.31,1.17,37.18,29.06,86.15,0
10.08,2.65,26.92,27.95,52.32,0
3.75,1.78,60.36,27.13,53.57,0
65.93,3.67,60.53,34.69,80.92,0
43.25,2.88,35.25,24.47,92.98,0
0.6,1.24,47.53,21.25,52.32,0
18.34,2.45,49.9,28.1,43.68,0
38.9,3.88,53.52,26.0,77.25,0
2.99,2.31,14.88,44.89,72.58,0
12.59,2.22,56.36,31.38,62.61,0
37.06,3.28,35.16,25.95,59.04,0
0.52,2.12,34.68,22.72,75.02,0
17.93,2.46,81.36,18.6,71.51,0
5.29,1.56,45.06,22.87,49.53,0
38.73,2.89,38.08,28.57,68.48,0
53.14,3.58,12.23,35.14,50.35,0
43.31,2.45,65.18,33.61,78.95,0
9.64,2.91,20.79,29.15,58.0,0
29.71,2.55,27.92,26.38,59.41,0
27.92,2.11,37.82,29.34,65.09,0
5.77,2.61,61.82,25.41,61.76,0
26.48,2.39,54.25,36.59,78.72,0
0.57,2.39,37.69,27.05,68.98,0
13.61,2.13,45.98,27.57,60.37,0
3.92,2.05,31.39,16.92,72.24,0
1.93,2.29,42.29,27.02,66.4,0
1.2,2.17,41.22,32.18,53.84,0
17.88,1.36,56.32,22.66,61.7,0
6.23,1.56,55.13,24.25,59.02,0
19.35,2.85,49.34,31.96,71.45,0
1.01,1.95,34.67,20.62,54.7,0
5.68,1.85,51.7,33.29,55.28,0
11.63,1.55,39.78,25.34,91.86,0
23.46,1.93,26.12,26.06,78.79,0
5.76,1.1,34.53,22.38,49.74,0
14.75,2.24,42.74,29.89,71.51,0
32.57,2.35,56.91,40.3,68.29,0
14.35,1.8,38.68,31.91,68.74,0
3.98,2.05,22.26,23.68,62.86,0
0.37,2.19,40.89,33.68,77.92,0
30.61,3.66,44.76,26.42,71.31,0
0.32,1.25,42.82,34.87,59.13,0
31.16,3.2,56.91,32.03,81.86,0
11.29,2.71,56.41,13.28,65.76,0
41.97,2.45,35.28,22.98,70.22,0
24.05,2.58,33.16,32.72,69.52,0
92.73,3.63,33.67,28.76,77.14,0
6.48,2.22,51.13,22.88,61.43,0
21.86,3.19,63.92,24.83,55.57,0
7.71,2.46,36.04,18.47,50.27,0
9.81,2.45,37.36,27.56,46.98,0
14.81,2.08,63.48,39.05,42.08,0
31.03,1.88,50.69,32.02,53.01,0
62.11,3.14,52.75,38.95,69.81,0
21.93,3.04,24.33,32.41,65.93,0
8.11,1.4,50.99,33.14,57.55,0
8.21,1.64,26.88,37.87,26.31,1
20.07,2.46,25.0,29.89,87.63,0
107.33,3.65,45.53,27.06,97.76,0
1.76,1.64,31.39,33.16,67.04,0
6.57,1.92,37.33,35.27,89.93,0
5.08,1.42,18.89,25.6,46.36,0
5.27,1.62,54.91,24.39,89.37,0
3.99,2.43,57.31,28.69,46.32,0
0.65,1.36,10.85,32.16,63.71,0
0.27,1.21,54.7,31.99,40.95,0
66.0,3.0,34.44,20.88,73.42,0
8.37,2.53,53.69,37.56,67.47,0
7.28,2.05,39.7,24.79,59.13,0
17.07,2.11,42.14,26.67,74.12,0
3.69,2.1,37.59,23.49,62.22,0
44.92,2.03,62.67,41.49,61.15,0
23.15,2.71,23.72,29.21,56.13,0
1.4,2.22,49.26,23.75,72.44,0
8.11,1.96,57.33,32.32,51.82,0
31.69,3.14,53.91,31.85,80.07,0
43.43,2.3,79.21,27.06,87.03,0
9.45,2.75,33.01,32.2,36.86,0
14.26,2.36,55.79,23.87,79.85,0
266.42,7.16,65.05,25.54,100.0,1
70.94,3.41,65.6,17.95,77.97,0
3.95,2.03,40.28,21.38,69.78,0
42.9,3.47,38.47,37.04,84.14,0
15.73,1.78,61.16,36.21,59.01,0
14.04,1.9,34.03,28.33,65.54,0
10.78,2.73,19.89,36.31,42.44,0
3.93,1.78,32.64,27.2,62.87,0
2.91,2.51,49.58,26.78,68.05,0
3.74,2.92,61.25,28.28,68.49,0
3.1,1.86,41.98,27.38,76.6,0
130.71,4.95,72.84,26.92,74.52,1
6.46,1.55,20.27,33.72,53.3,0
0.89,2.4,33.44,28.75,88.61,0
52.16,3.14,40.89,31.56,68.18,0
32.28,2.88,41.51,33.16,69.46,0
39.41,2.47,45.2,29.94,66.88,0
79.2,2.75,58.28,23.15,63.51,0
2.87,2.31,33.61,21.24,84.93,0
7.57,1.12,42.84,28.74,53.6,0
299.28,7.83,69.25,27.14,100.0,1
17.86,2.83,27.9,28.44,56.81,0
2.51,2.15,38.55,27.92,30.48,0
25.38,3.48,40.38,40.92,55.31,0
3.81,2.59,37.91,21.35,46.24,0
3.8,1.75,40.86,18.05,70.02,0
11.55,2.24,42.29,29.66,52.21,0
13.48,2.25,34.86,26.12,76.01,0
13.02,1.47,60.39,29.58,83.58,0
1.44,1.56,22.6,30.92,72.01,0
329.88,8.32,62.17,34.42,100.0,1
4.63,1.07,82.16,20.46,63.04,0
2.08,2.07,24.64,25.22,37.54,0
32.94,2.53,22.99,30.14,64.58,0
46.74,2.1,55.69,31.85,56.44,0
29.72,2.8,11.82,38.97,76.36,0
24.87,2.86,38.96,32.78,100.0,0
15.97,2.43,73.78,27.72,70.69,0
12.01,2.08,18.03,23.55,32.53,0
1.37,2.32,10.41,25.18,54.85,0
7.88,2.5,18.3,25.04,63.41,0
6.99,2.29,54.17,31.28,62.71,0
4.51,1.68,57.32,29.28,49.94,0
19.28,2.52,34.24,21.38,67.54,0
10.27,2.8,51.28,25.82,43.42,0
1.27,1.73,60.98,32.39,46.08,0
3.73,3.12,67.18,29.76,70.43,0
17.25,2.08,38.03,30.84,48.21,0
1.19,2.04,5.6,29.91,68.31,0
28.58,2.24,30.54,36.13,45.17,0
10.25,2.32,34.62,29.18,88.52,0
9.83,1.33,37.1,26.07,50.35,0
13.46,2.0,38.53,23.42,59.34,0
26.12,1.98,59.4,29.25,70.18,0
6.41,2.2,59.76,15.8,52.8,0
17.0,2.84,39.12,27.08,65.55,0
12.51,2.57,57.73,26.97,71.13,0
4.66,0.91,45.83,21.18,75.34,0
31.63,3.65,44.13,23.36,78.2,0
23.95,2.63,55.99,32.05,62.21,0
16.11,1.93,42.7,29.15,61.02,0
28.52,2.65,73.72,28.51,100.0,0
30.29,2.69,21.45,29.53,80.31,0
18.48,2.04,34.12,28.46,49.87,0
27.21,2.64,40.82,34.21,66.94,0
17.93,2.05,48.39,28.62,58.56,0
17.1,2.14,60.73,20.71,61.39,0
14.46,1.95,41.08,36.15,44.45,0
20.96,1.7,20.76,29.85,58.01,0
2.59,2.12,52.9,25.05,87.69,0
31.91,2.93,54.52,21.73,75.07,0
30.82,2.87,13.95,29.98,28.8,0
0.45,2.42,39.99,27.41,78.34,0
26.21,2.69,18.77,35.87,81.59,0
160.88,4.95,46.12,26.27,86.79,1
6.12,2.54,27.07,23.81,71.98,0
20.41,1.73,54.18,32.48,51.19,0
2.63,1.6,42.02,32.63,53.47,0
25.55,2.03,23.27,28.84,87.59,0
26.77,3.08,55.88,31.38,61.28,0
10.62,2.68,19.56,27.81,34.08,0
0.1,2.25,44.96,29.17,59.07,0
5.07,2.64,28.3,33.82,59.84,0
14.39,1.85,35.95,31.13,80.85,0
59.6,3.37,53.52,27.15,72.13,0
14.99,2.24,49.32,34.76,56.67,0
4.51,2.51,60.51,16.18,76.58,0
15.08,2.24,40.27,38.26,64.83,0
11.65,2.04,45.76,19.47,51.08,0
22.7,2.72,35.7,24.86,81.87,0
1.7,2.47,42.9,27.8,63.24,0
21.47,2.1,48.74,27.27,64.34,0
11.69,2.2,39.69,33.03,65.01,0
49.45,2.46,17.89,22.71,53.83,0
6.28,0.88,45.6,29.3,53.34,0
15.02,2.4,46.97,25.11,63.06,0
40.33,3.11,33.83,29.48,65.15,0
1.62,2.16,20.9,27.68,79.41,0
41.52,1.86,66.29,28.46,71.57,0
17.47,2.17,49.12,25.25,76.32,0
1.05,0.91,36.67,25.45,60.35,0
5.37,2.79,23.48,29.44,76.92,0
18.47,1.83,29.52,32.72,69.66,0
1.05,2.65,59.64,25.01,60.41,0
13.09,2.73,43.37,23.66,62.42,0
6.37,1.68,32.38,31.07,46.96,0
14.55,1.72,49.1,27.84,70.51,0
0.7,2.19,27.85,32.15,59.54,0
30.78,2.19,65.59,23.47,58.63,0
54.45,3.14,65.74,19.1,87.49,0
52.05,2.8,38.21,25.33,51.66,0
20.77,1.52,32.65,24.17,57.82,0
2.09,0.93,0.94,27.61,75.83,0
21.3,2.54,19.91,24.82,68.99,0
0.37,1.73,19.95,31.71,59.36,0
0.34,1.73,42.06,26.56,63.83,0
5.86,2.47,35.69,28.75,63.86,0
10.06,2.79,20.83,28.79,39.26,0
22.07,2.31,37.99,28.97,59.18,0
17.25,2.17,49.3,27.88,87.7,0
8.86,2.43,48.8,30.55,51.88,0
4.8,1.42,11.98,24.02,56.18,0
87.77,3.87,46.85,35.0,69.43,0
8.33,2.44,20.08,26.82,60.36,0
9.01,2.52,54.43,21.44,53.05,0
2.68,1.09,52.03,28.94,67.84,0
23.76,2.09,28.91,23.74,67.71,0
17.75,1.92,30.28,31.33,75.15,0
3.74,2.12,33.46,39.05,44.98,0
1.29,2.27,6.34,24.07,55.15,0
159.18,5.93,60.96,29.66,88.45,1
15.94,2.07,37.5,19.22,70.02,0
4.79,1.85,55.03,30.27,49.06,0
45.2,3.48,28.04,23.57,82.77,0
2.46,2.2,30.96,24.88,78.29,0
8.49,2.8,18.25,22.49,46.87,0
296.21,8.07,54.56,31.66,100.0,1
8.16,1.58,23.09,33.04,53.65,0
15.26,1.64,56.47,28.12,100.0,0
7.6,1.38,30.29,23.68,55.07,0
4.81,2.43,42.34,35.95,86.13,0
62.01,3.83,40.49,24.25,53.4,0
7.9,3.08,21.75,17.19,46.73,0
33.68,3.1,40.84,30.29,56.44,0
3.92,2.66,49.38,22.48,48.1,0
3.59,1.78,22.24,32.94,56.7,0
0.47,1.43,52.18,26.09,49.46,0
15.82,2.74,28.84,31.02,50.87,0
6.9,2.35,33.44,35.01,78.76,0
29.97,2.65,50.96,21.96,84.35,0
9.61,2.39,31.01,25.17,76.16,0
51.72,3.2,45.74,27.62,78.2,0
3.08,2.7,35.59,35.69,62.01,0
30.45,3.26,44.99,24.71,58.63,0
22.48,2.72,6.54,25.03,50.2,0
22.11,2.87,14.77,30.39,69.87,0
27.94,2.82,52.03,25.11,47.98,0
21.47,2.2,57.7,28.76,49.39,0
14.76,2.67,27.82,20.24,80.25,0
2.11,1.34,36.55,39.07,88.93,0
0.5,2.54,44.47,21.26,66.0,0
38.05,2.16,54.2,26.39,84.21,0
14.38,2.43,11.02,27.84,59.19,1
23.88,2.06,29.1,37.56,44.71,0
9.85,2.47,36.0,21.38,71.15,0
1.87,2.02,50.73,37.92,68.91,0
2.01,1.24,77.68,31.79,61.48,1
17.35,2.56,38.32,30.09,59.84,0
8.44,1.88,19.74,23.08,76.12,0
3.36,2.51,46.37,30.86,45.89,0
10.15,2.2,60.83,24.38,50.42,0
1.0,2.22,41.72,34.33,45.08,0
13.08,1.78,27.71,23.14,63.89,0
4.7,1.8,54.84,27.43,44.62,0
23.96,2.25,52.35,25.22,54.53,0
5.57,2.54,25.17,23.06,50.53,0
159.72,6.03,61.69,31.71,88.03,1
0.18,1.6,54.98,30.68,37.72,0
1.13,2.56,57.84,34.05,61.53,0
7.48,1.06,39.75,19.1,80.2,0
9.81,1.6,35.61,33.32,63.99,0
13.75,1.8,59.78,40.53,85.87,0
5.17,1.43,22.36,25.74,81.04,0
17.81,1.56,48.36,37.48,75.23,0
302.62,8.26,49.71,26.68,100.0,1
22.7,2.35,58.25,21.14,64.88,0
0.61,2.2,36.19,26.47,71.58,0
9.82,2.54,60.01,33.24,56.09,0
1.66,2.17,47.54,23.81,32.09,0
4.16,2.41,22.07,25.0,68.21,0
64.76,3.26,67.85,30.97,55.99,0
2.31,1.45,63.5,28.02,46.03,0
10.36,2.74,54.27,30.92,62.08,0
14.44,1.99,30.02,29.19,61.46,0
18.18,1.9,37.23,30.4,42.46,0
12.3,2.16,43.41,25.84,64.94,0
0.15,1.55,29.46,29.16,74.52,0
5.93,1.91,65.98,23.36,44.26,0
10.94,2.39,43.26,34.44,81.27,0
1.38,2.2,0.0,24.83,36.87,0
6.48,1.68,45.74,33.64,93.06,1
0.51,1.77,34.83,26.83,53.93,0
1.23,2.56,39.0,29.01,62.43,0
7.59,2.4,35.23,25.53,33.14,0
2.14,3.08,52.32,22.92,59.5,0
12.57,2.84,58.05,19.28,65.94,0
17.54,2.92,46.0,22.72,62.22,0
24.19,1.79,37.33,26.38,56.39,0
3.35,2.45,39.71,29.06,46.47,0
2.75,2.03,40.57,33.05,77.51,0
1.66,1.76,28.13,25.77,60.79,0
15.18,2.39,50.2,23.59,86.15,0
18.39,2.84,48.74,20.79,55.78,0
0.48,2.26,63.15,30.4,53.57,0
41.28,2.39,62.96,34.92,80.49,0
0.8,2.39,29.79,34.33,35.82,0
11.69,1.92,53.47,31.55,44.14,1
18.52,2.48,27.59,31.19,80.17,0
30.72,2.46,53.51,36.49,48.56,0
18.78,2.27,34.13,29.66,36.47,0
24.27,2.87,27.08,31.23,92.88,0
6.22,1.6,44.82,26.4,40.34,0
25.3,3.48,2.41,21.19,67.82,0
1.25,1.11,13.86,24.58,61.29,0
33.78,2.38,40.72,27.95,24.6,0
11.9,2.42,42.43,28.3,58.37,0
146.07,5.21,49.07,37.63,95.94,1
9.03,2.13,17.21,28.41,67.12,0
15.47,2.28,29.28,33.89,76.65,0
11.21,2.43,46.99,25.82,56.43,0
144.92,4.78,63.22,26.44,99.67,1
1.28,2.72,39.88,21.35,49.92,0
0.93,2.44,57.45,24.29,39.03,0
4.26,2.52,46.39,30.63,41.39,0
2.61,1.57,29.05,28.04,38.59,0
30.81,2.58,38.87,32.71,81.31,0
3.71,1.92,19.33,28.91,38.02,0
55.86,2.61,43.96,26.24,75.28,0
6.16,2.3,57.3,38.74,57.24,0
3.02,1.79,50.58,27.53,59.06,0
23.39,2.8,63.37,33.82,85.13,0
16.13,1.79,37.07,25.99,56.65,0
10.34,3.07,61.23,31.55,71.24,0
12.16,1.79,38.32,32.64,62.99,0
19.05,2.49,63.98,29.04,61.53,0
3.89,2.47,40.06,16.23,95.28,0
84.13,3.4,59.02,28.09,55.21,0
55.21,3.53,67.65,34.15,90.38,0
15.76,1.7,38.67,30.64,73.0,0
3.34,2.79,43.61,30.23,53.47,0
17.1,2.35,61.04,19.39,87.86,0
1.12,1.72,38.12,24.4,32.5,0
0.47,1.86,20.23,30.06,52.27,0
4.47,2.49,72.59,30.05,42.77,0
9.32,1.89,33.89,34.07,68.04,0
30.41,2.23,45.42,27.28,49.39,1
19.48,2.28,59.29,30.03,70.39,0
20.36,1.82,32.91,28.08,61.28,1
8.31,3.08,25.71,23.07,54.47,0
6.37,1.84,44.44,16.72,67.1,0
6.96,2.55,13.8,30.16,57.36,0
65.91,3.42,42.27,28.87,56.85,0
0.61,1.52,43.74,24.91,100.0,0
30.26,2.6,38.98,19.9,58.75,0
12.97,2.65,18.14,31.15,29.33,0
8.66,2.08,64.78,26.67,49.1,0
19.38,2.98,43.49,30.78,44.87,0
10.0,2.71,62.47,37.32,74.39,0
31.0,3.08,39.2,17.29,71.03,0
34.64,2.46,30.26,24.5,72.91,0
8.22,1.62,44.86,26.95,56.09,0
4.86,1.79,37.25,35.27,56.78,0
13.46,2.37,23.68,19.82,57.13,0
36.52,3.0,65.7,37.68,66.09,0
3.55,0.99,31.02,28.68,73.24,0
14.63,2.29,13.86,27.52,67.97,0
14.98,2.38,61.42,27.01,70.5,0
19.81,2.26,34.42,25.82,71.46,0
2.12,2.69,31.09,33.24,73.69,0
18.87,2.59,15.41,22.66,68.1,0
35.96,3.37,69.71,29.73,72.57,0
2.97,1.95,20.95,26.08,78.43,0
4.07,2.55,41.28,24.19,50.84,0
53.31,3.88,59.02,40.93,57.83,0
2.99,2.72,46.63,30.1,42.81,0
28.9,2.03,42.0,31.07,68.52,0
10.17,2.08,15.49,33.69,34.23,0
4.26,1.91,28.28,20.89,67.78,0
30.69,2.86,45.89,36.76,64.5,0
8.84,2.52,29.08,15.46,78.79,0
10.85,1.8,44.14,24.16,52.09,0
6.68,2.17,50.89,25.7,58.29,0
13.48,1.26,55.79,30.91,79.53,0
2.68,2.77,21.88,29.09,81.28,0
7.44,1.89,73.69,27.17,51.29,0
348.14,8.99,86.33,27.94,100.0,1
4.48,1.93,40.42,23.11,65.31,0
250.81,7.59,81.42,20.51,100.0,1
5.9,0.7,76.07,31.63,57.24,0
22.27,2.44,20.65,31.47,83.68,0
2.1,1.99,36.83,35.92,32.08,0
321.89,8.21,36.51,24.05,100.0,1
9.07,3.04,43.8,31.46,68.53,0
4.04,1.64,45.88,26.58,67.67,0
1.15,2.41,39.53,33.95,80.52,0
2.79,2.23,30.46,33.11,78.53,0
11.0,2.85,10.36,29.06,57.92,0
6.16,1.79,46.22,26.3,80.73,0
26.48,2.16,64.48,32.8,54.59,0
8.46,2.72,31.98,31.23,75.65,0
4.29,2.3,47.03,24.58,88.02,0
14.4,1.52,17.92,21.36,81.1,0
18.4,2.1,48.7,26.56,65.27,0
2.74,2.25,34.37,35.58,55.57,0
2.75,2.47,28.84,33.73,37.62,0
0.56,1.67,28.65,22.44,64.77,0
20.0,0.94,36.1,22.16,47.27,0
16.35,2.59,47.37,34.37,51.37,0
9.65,1.58,21.28,22.32,44.07,0
27.88,1.55,36.83,30.55,58.67,0
24.57,1.08,41.84,24.92,64.5,0
13.2,2.67,24.83,36.09,66.75,0
195.27,5.97,86.48,24.15,90.05,1
3.46,1.96,27.54,33.72,76.73,0
1.78,2.73,30.14,28.92,57.23,0
240.01,7.12,49.33,29.26,96.19,1
0.88,2.83,67.07,18.15,63.57,0
11.36,1.53,49.43,16.99,91.73,0
41.38,2.81,30.09,26.9,73.3,0
0.6,1.2,56.65,29.23,54.68,0
1.95,1.92,43.21,22.37,37.48,0
9.03,2.06,44.76,22.56,58.51,0
259.59,7.51,60.79,30.81,100.0,1
5.7,2.14,29.33,30.81,55.33,0
10.62,2.52,46.13,27.31,37.14,0
0.64,2.36,31.89,31.9,47.37,0
223.04,7.54,89.56,22.13,100.0,1
64.72,3.14,27.43,26.22,94.45,0
50.34,2.54,68.08,36.24,56.77,0
0.07,2.12,38.34,28.34,70.11,0
45.49,2.51,49.04,28.63,51.42,0
15.29,3.05,54.03,39.53,84.12,0
30.37,2.47,33.58,21.0,69.75,0
9.1,1.9,53.87,31.98,76.06,0
10.87,1.98,0.47,36.32,36.45,0
10.07,2.56,30.21,26.38,72.18,0
16.49,2.25,27.79,32.3,63.18,0
2.26,1.72,21.42,23.09,73.23,0
0.46,2.84,36.82,24.57,73.81,0
5.52,1.68,46.34,29.92,62.09,0
18.3,2.38,52.37,31.99,54.65,0
3.38,2.39,43.95,33.6,72.37,0
16.79,1.52,31.69,35.85,62.46,0
52.55,3.29,50.79,27.66,57.42,0
1.48,1.5,42.01,33.97,46.49,0
16.75,2.75,55.72,26.29,41.19,0
8.8,1.69,52.53,32.51,54.11,0
30.39,2.95,43.5,29.04,82.62,0
2.92,2.61,26.83,30.23,63.25,0
17.7,2.78,31.98,30.12,55.59,0
27.31,2.67,34.48,19.98,77.54,0
43.4,2.75,39.61,22.38,56.19,0
17.24,2.06,45.75,28.51,64.88,0
10.31,2.94,51.76,19.56,59.37,0
14.43,1.94,40.68,32.16,74.57,0
30.48,2.09,43.29,32.36,42.44,0
12.68,2.59,43.42,29.64,49.78,0
0.46,1.61,32.31,22.39,35.52,0
40.09,2.33,30.13,34.9,64.12,0
17.54,1.63,15.42,38.19,81.68,0
16.93,2.1,31.27,28.74,55.8,0
3.64,2.03,47.46,30.55,53.07,0
16.13,2.44,31.07,29.01,76.3,0
7.51,2.63,37.18,30.65,77.53,0
15.8,2.58,48.58,27.4,61.83,0
1.69,1.94,47.98,27.83,70.61,0
16.09,2.22,25.42,32.53,47.06,0
111.63,4.49,66.12,39.73,100.0,0
0.74,2.65,56.98,21.0,92.38,0
56.7,3.2,28.72,27.48,79.16,0
7.84,1.92,28.43,22.1,30.3,0
30.69,2.12,60.94,35.96,57.76,0
22.88,1.73,40.08,25.06,73.77,0
249.06,7.31,31.61,20.78,100.0,1
20.12,2.69,21.02,31.19,83.11,0
31.62,2.92,39.42,36.72,75.15,0
7.77,2.09,23.33,31.32,50.96,0
5.94,2.82,34.39,29.02,61.67,0
16.52,2.09,42.14,30.05,49.9,0
24.74,2.97,64.41,35.07,62.21,0
21.55,2.41,37.8,23.63,55.99,0
23.98,2.18,58.49,27.44,82.42,0
8.58,2.47,62.29,25.74,93.46,0
25.54,2.72,64.07,22.16,43.64,0
1.92,2.22,44.46,26.36,31.54,0
11.8,2.28,11.73,33.54,58.68,1
0.09,1.98,46.92,30.83,37.24,0
5.89,3.31,56.31,31.22,61.87,0
6.85,2.73,39.47,28.73,72.6,0
7.57,2.51,66.93,30.62,83.93,0
17.83,2.41,54.68,24.0,66.59,0
222.45,6.95,70.77,26.45,100.0,1
8.93,2.44,57.19,28.96,32.11,0
4.07,2.09,45.41,29.39,61.21,0
7.01,1.99,3.31,29.6,62.47,0
3.87,2.04,32.9,27.31,70.36,0
1.14,0.44,58.07,26.11,49.6,0
13.87,2.38,29.27,43.79,56.25,0
16.55,2.09,38.3,32.53,41.14,0
14.49,3.09,25.78,30.07,28.53,0
9.34,2.2,67.69,26.83,45.24,0
7.17,1.55,65.94,25.74,37.88,1
29.85,2.57,29.73,27.35,71.02,0
10.98,1.7,43.31,29.46,54.42,0
9.79,2.43,30.77,18.6,53.88,0
0.39,2.15,49.26,20.15,45.31,0
192.07,6.32,66.85,24.82,49.93,1
7.18,1.75,52.89,29.04,84.06,0
7.63,2.17,45.74,26.8,46.52,0
13.02,1.58,85.33,35.39,56.42,0
11.44,2.58,25.73,20.59,40.46,0
14.04,2.54,15.75,24.24,77.39,0
21.72,2.68,36.28,35.6,66.49,0
25.15,2.5,19.0,28.66,52.63,0
18.99,2.59,19.51,32.42,57.92,0
46.69,3.74,29.65,38.26,94.51,0
0.28,1.86,26.19,24.53,58.96,0
3.27,2.13,26.01,27.5,57.93,0
0.11,1.46,47.78,26.64,45.9,0
15.64,1.88,33.97,18.23,34.71,0
34.25,2.73,40.73,26.45,64.45,0
4.19,2.64,53.83,32.41,65.72,0
39.27,2.66,32.43,30.7,84.35,0
0.93,1.9,36.13,31.1,26.46,0
40.87,2.61,49.57,26.12,51.3,0
6.5,1.86,11.53,24.72,52.59,0
1.6,2.18,4.39,34.35,60.27,0
9.98,1.45,46.19,25.51,59.82,0
4.45,2.73,47.83,29.47,59.06,0
5.03,1.77,71.47,28.82,67.13,0
5.51,2.47,42.92,35.31,47.55,0
24.37,1.85,54.73,32.86,78.89,0
11.62,2.57,38.23,21.52,68.83,0
5.59,2.45,45.02,22.06,56.32,0
14.14,2.47,66.42,30.89,86.84,0
18.89,1.88,10.03,27.68,87.12,0
4.77,2.22,46.68,25.72,74.95,0
8.0,1.57,72.83,33.08,16.32,0
1.95,1.91,44.43,28.94,84.07,0
3.0,2.57,65.06,28.26,72.52,0
17.14,2.74,32.28,31.9,93.52,0
3.0,2.07,39.82,26.12,79.16,0
11.17,1.74,41.62,35.84,85.91,1
18.52,2.69,8.59,24.06,76.88,0
1.7,2.04,22.65,31.28,80.57,0
12.57,1.09,24.8,35.17,92.43,0
4.45,2.48,52.78,21.11,64.14,0
49.42,2.98,58.02,26.28,46.3,0
9.91,2.8,45.85,33.71,57.37,0
24.6,1.94,54.82,33.79,70.77,0
11.99,0.65,38.74,27.14,63.52,0
0.67,2.15,58.1,24.33,41.43,0
15.04,2.45,41.64,32.78,38.54,0
45.36,2.06,45.4,33.92,57.96,0
13.8,1.79,37.4,22.18,74.88,0
25.65,3.89,52.83,21.98,88.84,0
32.34,2.49,36.92,29.13,80.22,0
3.88,2.44,55.03,31.15,76.64,0
3.57,1.75,23.38,26.5,59.5,0
14.16,1.24,24.93,31.4,36.7,0
7.94,2.07,51.11,24.45,54.76,0
27.48,2.42,41.42,17.43,61.61,0
34.54,2.49,36.65,25.88,59.45,0
6.54,2.07,54.0,28.32,62.13,0
4.05,2.21,31.3,26.62,67.43,0
22.75,2.38,39.27,22.21,77.34,0
4.82,1.46,61.47,18.92,56.79,0
25.94,2.76,65.68,25.43,36.63,0
8.27,1.19,64.41,32.49,54.41,0
16.52,1.31,37.42,34.28,63.96,0
1.51,2.4,58.61,33.94,78.64,0
14.67,2.55,27.23,23.92,54.42,0
9.02,2.15,27.3,22.23,69.49,0
13.25,1.57,6.07,30.48,67.0,0
2.76,1.7,65.37,31.18,61.21,0
20.03,2.27,29.04,30.0,77.96,0
29.79,1.8,41.08,17.93,56.05,0
3.66,1.7,26.71,23.67,52.11,0
1.51,2.36,50.58,27.85,60.12,0
0.36,2.72,34.4,30.44,50.47,0
15.41,2.1,21.97,31.84,70.7,0
14.01,2.66,48.03,28.72,52.1,0
11.87,1.28,19.68,29.65,65.77,1
3.96,2.41,27.83,28.42,59.29,0
7.44,1.75,9.14,31.43,64.71,0
13.54,2.42,19.99,29.56,55.81,0
10.3,2.08,43.71,28.33,56.97,0
66.08,3.98,17.14,26.66,74.66,0
2.2,1.61,18.0,28.41,63.47,0
17.82,2.67,41.75,30.42,63.5,0
7.77,2.02,32.62,29.34,87.13,0
8.38,2.09,70.72,29.9,46.82,0
18.97,2.29,69.41,34.71,62.83,0
17.69,1.93,28.75,29.33,39.93,0
71.09,3.41,55.47,24.76,79.8,0
2.06,2.01,51.45,32.42,43.68,0
1.65,2.15,31.2,21.17,56.16,0
19.33,2.43,19.5,22.59,58.28,1
12.96,2.66,41.11,29.68,66.8,0
4.81,2.56,37.89,30.58,52.67,0
1.24,1.5,33.59,21.77,51.32,0
1.34,2.46,46.77,26.09,81.81,0
33.69,2.08,32.11,24.97,71.01,0
3.2,2.36,23.04,25.57,52.22,0
5.86,2.43,42.22,32.72,57.41,0
3.86,1.12,46.18,31.53,85.45,1
6.58,2.18,23.01,27.9,57.79,0
1.08,1.79,54.03,25.27,49.88,0
10.98,1.84,14.54,21.25,51.92,0
1.05,2.7,31.43,35.1,51.97,0
24.17,2.16,38.55,30.96,55.92,0
3.99,1.68,30.86,24.47,41.6,0
11.65,2.27,32.69,31.6,45.47,0
31.81,2.98,71.25,27.65,53.92,0
15.78,2.24,28.82,26.56,72.03,0
11.42,2.81,77.76,30.18,56.57,0
5.88,2.38,47.14,24.29,58.07,0
6.07,1.03,41.99,26.28,80.27,0
16.61,2.07,48.8,28.61,82.75,0
77.09,3.26,85.66,25.5,71.19,0
16.26,2.56,26.72,31.35,53.79,0
12.24,0.93,24.42,37.35,49.48,0
19.68,3.67,30.64,24.23,74.33,0
9.39,2.45,41.42,19.67,58.81,0
0.93,2.09,14.21,17.99,54.39,0
12.39,2.84,41.57,27.25,50.27,0
47.42,4.12,70.15,24.68,57.94,0
2.89,2.49,42.56,29.04,65.38,0
17.57,2.83,37.37,28.66,43.78,0
158.55,5.24,46.58,19.98,100.0,1
11.51,2.16,54.63,18.93,54.29,0
1.53,1.79,27.77,29.48,58.06,0
8.98,1.77,68.59,28.68,41.74,0
21.17,2.08,71.12,25.87,64.05,0
6.41,1.45,44.49,19.71,56.36,0
16.4,2.29,41.47,30.36,62.53,0
23.8,1.63,57.84,34.36,86.84,0
39.3,2.88,60.35,29.39,70.52,0
4.01,2.06,28.31,23.76,48.88,0
7.65,2.23,32.87,28.22,50.86,0
256.2,6.86,45.78,21.17,100.0,1
73.36,5.01,53.47,33.29,94.15,0
39.26,3.47,53.93,28.41,72.08,0
11.65,1.61,20.92,19.16,72.66,0
27.68,2.67,35.94,26.5,74.68,0
11.04,1.92,20.9,30.32,83.49,0
14.66,1.79,27.98,26.33,33.69,0
1.4,1.36,48.41,26.62,70.29,0
21.11,2.64,31.11,21.88,78.98,0
2.05,1.7,35.69,30.83,40.33,0
26.24,3.01,18.21,24.76,51.96,0
22.85,2.95,45.09,17.22,51.81,0
18.5,3.06,41.19,26.14,52.77,0
0.55,1.58,29.12,32.91,52.88,0
5.42,2.35,37.71,26.07,64.72,0
4.58,2.41,43.16,36.69,73.9,0
6.7,1.9,28.45,30.14,77.56,0
146.63,4.55,32.52,29.69,76.76,1
41.46,3.63,71.23,27.36,55.62,0
12.1,2.36,31.71,27.66,82.16,0
5.47,2.43,39.1,26.68,70.79,0
7.59,1.74,55.92,26.49,62.76,0
8.89,1.57,93.82,30.65,68.88,1
13.77,1.99,22.71,23.32,62.31,0
10.88,2.16,47.83,22.62,70.04,0
37.77,2.22,33.16,22.38,62.51,0
248.78,6.97,56.8,38.23,100.0,1
72.72,2.61,36.47,30.65,51.89,0
28.6,2.01,25.98,29.52,55.4,0
3.51,2.41,39.73,22.71,50.55,0
40.02,3.1,21.88,31.12,62.39,0
148.52,4.77,69.05,27.42,75.81,1
25.51,2.0,43.38,29.07,57.1,0
7.19,1.63,47.06,23.12,38.72,0
256.62,6.95,58.67,28.8,100.0,1
30.38,2.93,37.53,25.88,64.84,0
24.59,2.96,46.77,24.17,39.34,0
23.41,2.22,24.88,31.67,52.16,0
5.45,1.53,35.18,20.31,66.14,0
1.27,2.16,27.23,30.82,52.11,0
7.74,1.74,27.42,31.42,51.09,0
2.86,1.8,8.64,23.6,59.45,0
17.81,3.02,61.87,23.9,68.72,0
6.37,2.54,30.34,26.88,39.73,0
55.7,3.19,63.02,29.41,79.39,0
15.37,1.67,57.57,27.24,51.07,0
25.93,2.62,23.3,30.17,64.92,0
2.13,2.57,23.89,36.81,59.9,0
29.71,2.41,81.38,25.46,58.04,0
38.41,3.44,70.11,19.42,52.33,0
10.01,2.85,40.53,32.13,57.72,0
13.98,3.11,45.26,36.42,87.18,0
271.13,7.58,57.65,29.96,93.8,1
2.88,2.35,46.77,22.56,85.96,0
10.47,2.92,30.29,27.38,58.2,0
7.63,2.38,10.28,22.41,62.06,0
2.37,1.8,20.41,31.21,44.17,0
6.87,1.91,41.0,21.24,49.81,0
144.8,5.02,37.51,26.5,81.42,1
0.39,1.36,39.03,22.98,44.39,0
2.18,1.97,24.1,28.63,57.3,0
49.5,3.54,33.21,26.17,63.79,0
11.96,1.14,53.99,28.88,90.15,0
50.64,3.78,48.78,28.11,52.64,0
8.5,2.73,40.7,23.07,63.24,0
5.61,1.88,53.75,31.13,64.84,0
10.58,2.48,48.27,27.76,46.06,0
8.68,2.18,62.57,23.06,72.04,0
1.68,2.65,33.27,39.2,54.36,0
15.36,2.8,35.09,30.38,25.69,0
3.65,1.37,20.85,27.23,70.63,0
14.5,2.58,35.02,35.08,46.15,0
15.76,2.21,56.05,37.21,47.43,0
114.46,4.33,70.95,27.27,93.21,0
0.95,1.65,54.5,29.74,54.98,0
22.76,3.33,15.36,23.06,78.32,0
9.24,2.7,57.17,27.26,80.0,0
0.9,1.65,12.51,27.0,50.51,0
79.08,2.91,61.38,28.92,87.71,0
0.89,1.83,34.57,29.66,48.85,0
17.81,2.57,52.32,30.8,97.06,0
61.73,3.35,26.19,29.19,61.95,0
4.1,2.71,57.98,21.95,76.21,0
2.3,2.44,18.26,23.31,73.12,0
1.94,2.52,30.17,25.27,65.13,0
5.42,2.27,25.57,26.59,51.03,0
1.6,1.34,13.85,33.25,58.05,0
17.67,2.26,43.19,22.19,31.23,0
0.96,2.55,67.19,26.21,63.56,0
10.68,2.19,81.07,32.77,67.38,0
85.69,3.97,50.03,26.5,79.14,0
25.23,2.35,59.27,30.3,20.45,0
14.33,1.77,44.91,27.3,43.88,0
5.48,2.05,48.03,29.28,49.88,0
14.67,2.45,36.33,26.86,67.31,0
11.23,1.9,44.05,31.34,66.59,0
8.33,2.05,48.9,20.27,59.11,0
2.1,1.57,31.53,26.18,69.95,0
32.65,3.21,42.1,29.48,51.14,0
8.96,2.03,40.02,30.67,70.95,0
3.25,2.79,52.72,35.46,67.77,0
6.88,2.9,24.7,26.04,67.04,0
8.02,2.12,40.03,35.4,58.87,0
26.36,2.02,71.32,24.7,92.73,0
19.84,1.35,59.45,34.64,71.37,0
22.0,1.7,62.44,32.09,49.87,0
0.17,1.32,40.38,23.43,63.76,0
134.27,5.37,58.24,29.54,98.14,1
9.85,2.25,56.02,27.74,53.15,0
0.29,2.2,63.43,31.13,76.4,0
4.51,0.98,11.18,26.88,66.63,0
21.42,1.83,22.41,26.46,29.15,0
2.21,2.49,59.86,34.85,64.94,0
11.5,2.37,37.0,27.51,56.21,0
3.63,2.0,30.29,32.13,68.78,0
0.18,2.29,21.21,26.87,74.2,0
4.14,2.9,32.09,36.33,63.76,0
55.87,3.01,24.55,24.61,96.15,0
24.26,2.52,73.79,24.93,62.17,0
48.13,3.06,44.48,35.62,79.0,0
10.04,3.4,40.13,25.78,74.08,0
1.74,0.99,49.0,36.01,58.89,0
11.91,2.58,55.63,32.46,74.06,0
9.09,2.12,55.1,27.23,52.9,0
27.9,2.84,58.89,18.93,59.24,0
1.55,1.7,30.69,27.9,40.62,0
10.05,2.18,36.54,28.51,65.63,0
2.44,2.4,51.78,33.84,65.37,0
5.89,3.67,32.68,35.94,78.87,0
20.05,2.81,41.93,24.58,75.88,0
9.69,1.77,46.95,32.01,57.67,0
7.07,1.93,52.48,31.83,43.74,0
7.52,1.92,14.09,33.37,68.0,0
9.23,1.29,51.64,30.49,78.51,0
23.06,2.3,38.8,18.29,75.94,0
33.4,3.03,53.95,27.22,82.95,0
46.63,2.3,56.32,22.22,66.15,0
23.19,2.99,66.44,26.99,57.64,0
5.68,2.36,60.87,32.9,50.08,0
17.48,1.98,61.95,29.53,62.66,0
8.63,2.1,62.52,33.74,60.55,0
4.41,2.89,44.81,29.71,63.98,0
27.57,2.92,43.24,21.51,63.57,0
0.59,2.02,53.15,15.4,58.11,0
34.81,2.58,54.46,28.74,55.31,0
230.48,6.65,58.41,26.93,100.0,1
15.21,2.05,47.59,23.12,64.19,0
16.15,1.27,41.09,19.5,60.61,0
33.82,3.7,30.57,24.33,55.55,0
15.19,2.38,60.88,27.03,43.06,0
14.28,2.48,42.26,31.33,82.47,0
1.03,1.99,70.83,28.94,68.53,1
10.96,1.85,16.71,36.04,37.83,0
2.44,1.96,31.89,22.82,71.94,0
20.06,1.6,42.5,32.41,77.85,0
10.77,3.35,58.14,28.24,64.02,0
17.1,1.72,47.7,31.47,87.39,0
270.53,6.89,71.71,25.82,100.0,1
1.33,1.81,23.22,33.36,39.01,0
18.9,3.02,24.54,29.48,69.26,0
1.12,2.03,44.95,24.6,63.9,0
1.11,1.4,19.65,27.94,51.17,0
0.18,2.63,32.04,26.8,68.64,0
47.03,3.31,52.22,30.45,44.39,0
20.06,2.67,27.27,22.1,78.87,0
6.54,2.49,64.73,27.85,48.14,0
5.28,3.3,58.89,29.98,46.28,0
6.45,3.22,17.07,28.17,59.58,0
22.35,2.1,28.25,34.73,70.96,0
16.24,3.14,7.34,31.87,65.71,0
3.07,2.25,28.57,27.96,49.47,0
2.87,2.31,51.78,29.08,52.98,0
1.55,1.18,33.95,29.48,43.32,0
16.2,2.24,48.53,30.02,59.87,0
21.68,2.03,19.33,18.87,80.46,0
4.62,2.51,52.43,26.49,60.86,1
0.32,2.54,31.71,20.58,72.95,0
1.29,0.99,40.31,34.39,82.09,0
51.56,3.02,43.76,27.7,61.49,0
5.25,2.67,21.45,27.03,58.25,0
21.99,2.35,24.9,32.48,96.97,0
14.7,2.66,55.99,30.11,84.6,0
7.22,2.32,46.71,22.36,36.36,0
3.45,2.24,56.1,27.65,66.5,0
1.94,1.9,45.06,26.32,60.4,0
14.32,1.68,43.58,19.28,75.26,0
22.35,1.89,16.34,24.55,53.3,0
15.49,2.66,37.49,27.08,50.5,0
11.33,2.24,40.72,27.43,52.13,0
0.64,1.94,69.36,20.59,51.55,0
51.86,2.83,55.49,33.76,82.6,0
24.05,2.33,65.45,27.49,47.09,0
5.2,2.63,49.48,28.19,51.7,0
58.66,3.01,35.2,30.0,44.9,0
13.82,1.61,43.14,24.06,77.87,0
13.1,2.63,44.85,30.28,81.69,0
20.68,2.31,27.98,26.16,59.23,0
25.05,2.52,36.74,23.52,60.54,0
16.03,3.12,38.52,30.87,70.0,0
2.06,2.03,64.29,35.46,82.53,0
6.19,2.27,9.41,31.62,67.37,0
39.48,2.2,62.04,32.61,57.43,0
3.82,1.97,26.33,25.4,36.48,0
6.98,2.44,20.12,20.01,44.67,0
117.49,3.57,69.45,35.45,84.6,0
8.68,2.27,51.85,38.27,51.91,0
14.24,2.34,60.24,35.71,65.77,0
42.99,2.88,56.31,26.32,60.3,0
4.13,2.6,71.31,22.23,44.95,0
1.94,2.21,48.58,22.67,42.73,0
3.3,2.81,37.98,19.58,84.1,0
32.7,2.16,48.41,27.46,79.87,1
15.57,2.38,60.21,36.03,89.07,0
5.05,2.14,28.81,27.29,69.11,0
25.39,1.97,32.76,29.51,58.63,0
29.64,3.07,38.33,34.88,85.78,0
28.11,3.72,11.24,25.98,65.13,0
37.69,2.75,45.84,38.18,70.85,0
4.36,2.34,12.14,37.96,60.23,0
21.1,2.46,42.91,27.34,20.02,0
9.26,1.83,53.91,25.11,85.92,0
27.68,1.64,35.61,31.49,72.9,0
19.56,2.04,67.11,26.26,68.86,0
22.47,1.75,20.34,22.22,63.57,0
16.01,3.17,59.47,34.41,65.65,0
2.93,2.0,50.42,34.08,51.63,0
11.81,2.06,15.44,28.78,71.61,0
62.67,3.7,86.93,21.69,52.93,0
41.56,2.27,43.2,21.85,71.1,0
0.66,1.63,26.9,28.54,68.56,0
2.7,2.09,19.16,25.5,57.56,0
2.12,2.56,36.91,26.29,65.99,0
19.42,2.64,40.03,33.11,49.01,0
25.54,2.63,44.09,31.67,50.62,0
3.6,2.11,35.89,34.89,64.27,0
10.57,2.41,50.56,23.05,72.29,0
27.55,2.65,36.94,26.28,37.39,1
266.63,6.82,37.64,31.79,100.0,1
11.72,2.26,38.93,30.24,54.2,0
13.39,1.73,5.83,35.66,59.79,0
10.65,2.25,46.37,30.1,42.04,0
5.3,1.87,25.84,37.24,48.29,0
12.49,3.52,43.7,30.7,76.99,0
17.51,2.33,61.46,33.31,64.0,0
30.99,1.92,28.87,26.38,60.46,0
15.17,2.24,57.44,28.07,61.29,0
21.48,2.69,35.65,32.55,71.63,0
2.62,2.89,66.56,36.06,67.13,0
9.29,1.89,35.45,31.65,60.73,0
0.14,1.21,27.41,27.58,76.42,0
4.25,2.49,50.73,34.89,75.41,0
19.44,1.7,35.41,17.04,70.09,0
72.07,3.22,34.59,20.89,75.23,0
1.57,1.9,32.99,31.41,70.17,0
7.7,2.12,40.1,28.07,66.25,0
24.15,2.83,62.55,31.03,80.74,0
3.42,1.73,11.33,28.32,74.18,0
12.15,2.11,41.56,30.85,47.16,0
19.81,2.39,51.35,23.93,47.67,0
14.36,2.36,44.34,30.85,52.35,0
3.12,2.11,59.96,32.97,75.27,0
6.59,2.35,39.54,34.1,37.67,0
22.97,2.88,39.53,38.07,70.52,0
12.12,2.44,50.1,29.22,67.86,0
0.08,2.23,41.5,29.37,77.46,0
21.47,1.64,36.29,20.38,67.0,0
0.54,2.04,47.8,25.34,39.96,0
20.54,2.65,32.27,27.03,49.72,0
3.39,2.43,31.17,33.25,42.95,0
47.58,2.61,36.84,24.94,61.45,0
6.88,1.81,60.98,31.98,58.63,0
5.94,1.83,0.0,27.99,43.71,0
2.42,2.32,46.18,27.11,82.54,0
173.73,5.99,57.89,29.24,74.87,1
31.39,2.42,17.93,26.04,86.47,0
279.84,8.05,72.63,25.85,100.0,1
6.89,2.2,47.83,19.48,74.85,0
8.93,2.12,49.74,26.76,51.38,0
19.21,2.28,2.14,25.6,68.98,0
32.6,3.03,63.76,25.42,47.36,0
13.49,2.43,30.28,30.08,76.36,0
7.45,3.29,51.04,31.29,60.38,0
7.98,1.73,51.91,29.16,55.46,0
17.84,2.62,28.63,32.98,45.21,0
0.05,1.74,49.91,30.88,22.85,0
14.5,1.86,35.67,26.52,47.32,0
6.59,2.13,9.59,25.69,78.01,0
23.71,2.54,59.89,29.56,58.7,1
287.24,9.2,57.1,30.87,100.0,1
13.31,2.17,28.51,34.99,72.49,0
9.84,1.63,34.94,33.96,89.05,0
15.42,2.44,45.63,25.29,82.96,0
1.01,0.98,39.24,27.49,45.62,0
13.01,2.21,49.52,31.36,33.46,0
12.37,2.26,21.14,33.34,97.87,0
12.34,2.64,30.1,32.69,96.5,0
13.88,2.76,39.65,27.68,65.6,0
16.93,2.09,70.16,21.73,44.33,0
24.52,2.42,40.74,23.01,79.35,0
4.72,1.71,56.75,29.36,59.32,0
26.15,1.96,43.19,29.71,63.54,0
10.34,2.36,33.78,22.51,75.49,0
1.2,1.39,36.42,28.22,65.26,0
0.91,1.81,37.56,31.16,42.39,0
6.1,1.62,49.66,22.24,56.35,0
23.05,2.74,62.92,33.52,74.53,0
18.45,3.27,47.24,26.11,71.34,0
23.31,1.82,60.14,34.29,68.59,0
177.32,4.62,43.26,25.33,100.0,1
8.7,2.11,34.65,22.87,56.31,0
2.39,2.06,29.37,25.71,63.16,0
5.97,2.23,45.31,27.52,10.56,0
8.54,1.95,35.47,26.06,54.96,0
194.46,5.79,70.39,26.92,100.0,1
3.74,2.26,26.41,29.67,54.89,0
13.68,2.79,42.01,27.14,55.74,0
19.96,1.42,52.3,27.67,48.37,0
96.08,3.74,18.63,19.45,94.27,0
40.57,2.92,75.88,29.96,76.34,0
15.43,1.85,37.3,27.55,75.47,0
8.2,3.03,10.44,36.05,35.75,0
15.17,1.99,43.89,23.3,60.63,0
125.84,4.5,53.09,18.96,80.97,1
1.89,2.32,38.96,31.09,56.17,0
7.91,1.86,55.66,29.73,52.34,0
143.79,3.95,65.59,22.96,83.57,1
7.26,1.93,45.19,20.35,74.2,0
164.44,5.8,63.2,35.69,64.2,1
13.29,2.1,39.76,35.07,89.32,0
3.06,1.64,66.94,15.56,67.87,0
112.32,4.71,29.04,25.71,81.83,1
6.11,1.96,42.71,36.32,74.82,0
0.4,1.75,41.02,25.62,38.3,0
0.37,2.08,52.24,25.55,50.1,0
26.73,2.92,30.02,26.59,63.53,0
4.78,3.29,14.32,22.4,81.44,0
10.95,2.63,43.45,19.48,61.49,0
5.32,2.69,44.75,33.26,67.82,0
42.37,2.59,66.58,18.79,59.63,0
4.5,1.58,21.39,29.24,68.2,0
8.42,2.2,58.16,32.43,86.84,0
30.92,2.67,78.6,20.74,81.12,0
27.67,2.01,37.1,23.38,64.31,0
3.09,1.97,20.94,34.07,70.75,0
24.34,2.69,36.33,30.66,73.53,0
9.19,2.36,41.13,24.91,69.44,0
9.89,2.45,49.45,34.01,78.66,0
2.15,2.19,31.34,34.03,77.0,0
1.26,1.77,63.45,29.35,58.34,0
19.53,2.13,25.23,23.5,73.53,0
10.29,1.61,14.94,25.93,56.31,0
8.61,3.06,57.46,29.43,47.88,0
19.61,2.4,7.84,27.06,59.88,0
21.76,2.32,39.11,32.69,63.21,0
2.6,1.59,87.02,20.35,35.6,0
14.13,3.75,41.23,20.53,75.73,0
2.18,1.51,23.41,28.9,18.93,0
20.88,2.2,41.23,25.54,100.0,0
16.05,2.53,40.84,24.86,85.74,0
47.06,3.24,47.12,19.16,65.5,0
1.07,2.5,50.04,28.1,60.36,0
0.88,2.92,24.5,27.74,64.72,0
4.97,2.35,65.81,31.27,52.16,0
